[{"type":"match","id":"69856fee-f1ab-43f2-9537-93d13cf38273"},{"type":"match","id":"d55ebd9d-af85-4c6e-98c3-710414e2ef0d"},{"type":"match","id":"69fda86a-074c-4bcb-a2cd-a4634592dd88"},{"type":"match","id":"bc2e267d-3306-4265-a813-509a2099a032"},{"type":"match","id":"79549e4a-01e1-4592-8332-9d60ce744b44"},{"type":"match","id":"ea1b0c7c-c7f6-43ea-b0d2-e4b22d88657b"},{"type":"match","id":"7723f97e-cf1f-4932-8690-c92385eb259a"},{"type":"match","id":"34175f71-2d74-4f39-a00a-30b78d7a5e76"},{"type":"match","id":"a9f6d9fd-ac0a-4dd3-a02f-4cc766d58820"},{"type":"match","id":"38071aea-117d-488b-b096-0d88b8613744"},{"type":"match","id":"c0b82d49-35f7-4a1f-9d9b-586f61790746"},{"type":"match","id":"5b1b7099-1026-44a7-89ee-b342f0aaf286"},{"type":"match","id":"5882d589-2956-4757-84b2-fea10ea66dce"},{"type":"match","id":"54316842-cdaf-40ec-847a-26cc53d11bba"},{"type":"match","id":"27feadcf-d398-418c-b8b2-900de7390c53"},{"type":"match","id":"29378d47-ea2a-4f8e-a0fb-4b1817512f87"},{"type":"match","id":"b6640a31-6cd2-46ff-a23c-b49cac96fd57"},{"type":"match","id":"1c8e5bd5-1d2b-45d2-863c-f589a00afb70"},{"type":"match","id":"9d80a974-1a3f-4a4d-89bb-71cf532aeaf1"},{"type":"match","id":"51df4ae6-2d29-4b37-8a95-fa758df21f06"},{"type":"match","id":"4ef57e03-c9dc-45da-8e66-af738c06121d"},{"type":"match","id":"c95ce844-cd4c-4620-a3ba-b86a35b6cd02"},{"type":"match","id":"dd5ab0df-6754-4e69-b014-0a02fc4d77a5"},{"type":"match","id":"e02f814f-af23-4c94-b90e-901ce8b248cd"},{"type":"match","id":"f3718b13-637b-462b-bf46-550b3f89c722"},{"type":"match","id":"771c9c36-58ba-433d-89d0-7b3fa73c86b6"},{"type":"match","id":"5dd3be87-3157-43ee-b11f-2b616d6988d0"},{"type":"match","id":"c8f252a9-0489-48bb-a48b-2ed18599f628"},{"type":"match","id":"2d9e49ab-70c2-4d89-b507-1c26beffbf66"},{"type":"match","id":"d67944b0-35c3-40c0-9259-b2b4fe628de1"},{"type":"match","id":"5c8a411f-dd2b-4a3c-aa84-50733766a783"},{"type":"match","id":"9a8e8343-d34f-4ec1-b478-b3fb6b594f5e"},{"type":"match","id":"b374e125-f23b-4060-a42c-6af3f43478bc"},{"type":"match","id":"accd07fc-8df9-43bb-84aa-943e9745ef7f"},{"type":"match","id":"454b8de4-69d5-4902-986c-c41882c5c3b6"},{"type":"match","id":"5d96ec8e-0c4e-4f21-9ccd-e8a55fd921fa"},{"type":"match","id":"fc210f36-fc9e-4048-8520-93c326003a06"},{"type":"match","id":"29d21b65-231d-4f67-975b-2daeda53b6f1"},{"type":"match","id":"ac2c7e92-3f93-40cb-9157-15b87807a47a"},{"type":"match","id":"2b43598d-d9ed-4215-8e43-617e93b7288a"},{"type":"match","id":"08fbb19e-2720-4690-ad91-b7e7011e16e2"},{"type":"match","id":"e1a6423c-efba-4e25-ab5c-491bda1fb60d"},{"type":"match","id":"2ff196c2-25a3-4adf-9f78-41ba3634c598"},{"type":"match","id":"7f08b6f9-94bd-492a-b0a9-86a14ec72e6b"},{"type":"match","id":"43bfcd11-2971-4072-b94d-60d6f2bba61a"},{"type":"match","id":"e272d0e6-f7ed-4e90-890f-8db16f8a2762"},{"type":"match","id":"505300c0-972b-41cc-9ab0-bb6af0df1bc7"},{"type":"match","id":"f4e360dc-2046-4f6d-947e-dea8d21b8196"},{"type":"match","id":"e6c67f61-9ecd-4a13-b56e-64278fc518cd"},{"type":"match","id":"04d361be-4411-4c0d-8bc0-843f7b14344c"},{"type":"match","id":"f502c0c3-2319-4093-ad0c-01530ab055bc"},{"type":"match","id":"193ac7df-478d-4eec-808f-d02afc9223a5"},{"type":"match","id":"a97e6965-1773-40f7-8e09-57e5d0ff56d7"},{"type":"match","id":"94ccc505-1f1f-4e81-9ba9-6d325decad41"},{"type":"match","id":"25a2a7d3-4f10-4620-9fad-ed60980c3ffb"},{"type":"match","id":"50b94907-1394-45f6-bb75-15cc2912d25d"},{"type":"match","id":"55d8a7eb-1daa-47c6-892a-387f0d628b2a"},{"type":"match","id":"4c0c382c-ec0d-424a-b713-39bfe0cff053"},{"type":"match","id":"c6f68529-713d-45f1-a9a3-e5dd3ed95bbe"},{"type":"match","id":"534e73a1-de13-4fbe-9001-eb142ad47d7f"},{"type":"match","id":"d56cc41d-0b81-41b4-b8bb-84887f10707d"},{"type":"match","id":"6e706a98-e37f-48f6-8557-c371583f8290"},{"type":"match","id":"0b4d4a24-8425-4d37-84f5-85379b25814f"},{"type":"match","id":"30cffc0b-9d7e-40c3-b5b9-63b1f0532aae"},{"type":"match","id":"87d01d6a-a9a8-4ab4-9749-20dadb5d9c68"},{"type":"match","id":"8b9ba62c-3967-4cf7-847a-fd945db45e45"},{"type":"match","id":"dbff52ba-0cba-44f4-81c5-5d4ca4bee664"},{"type":"match","id":"e2646383-8c81-4bd3-a4f2-1bc5bee8491c"},{"type":"match","id":"95249fa1-05e9-4095-98b0-e945b49f9063"},{"type":"match","id":"b9e153c3-3335-4179-b3ef-01670cda7340"},{"type":"match","id":"596fde6d-7b33-412e-b97b-bb7c2db06ddd"},{"type":"match","id":"6ea758a4-b16f-4751-8894-bd33b858c5fe"},{"type":"match","id":"4bf89fe2-60c7-4dc5-b58d-d6685a2f23a4"},{"type":"match","id":"27b87465-21d8-4eee-b266-36387a7aaf33"},{"type":"match","id":"b6185c27-76eb-42f4-b390-50c8e454189e"},{"type":"match","id":"b4ca6598-c37b-4f69-954b-71d01cda8688"},{"type":"match","id":"35ee4dfb-4f69-46c5-b119-f0a212ba71ff"},{"type":"match","id":"4370eef0-6ed6-4d07-8aec-3420b449c784"},{"type":"match","id":"0acf1115-cc9f-499c-849e-5401de4eabd3"},{"type":"match","id":"7579566f-05e7-4a04-95b9-9f236086c590"},{"type":"match","id":"63a3a839-a4a2-4b54-bd57-37978bae38cc"},{"type":"match","id":"eb2ef441-5546-4078-a569-3a2ad6e1175a"},{"type":"match","id":"94ec958f-f227-448e-a6ad-77b184fff78c"},{"type":"match","id":"9a9fdd0a-f4a7-4f6c-86d5-d1b3abf1f2d9"},{"type":"match","id":"c4bc2a86-392f-4f2a-8b0a-8dff58f066f3"},{"type":"match","id":"69007121-1ee1-4811-bf95-d267ea3c02ff"},{"type":"match","id":"b40a49b1-da35-4331-bc63-b57a2eeabb93"},{"type":"match","id":"b8ea9b19-25a8-44a3-8ac7-295445ee8537"},{"type":"match","id":"34f0035f-1cdd-4a61-8a67-2082a561c5e0"},{"type":"match","id":"5fc5809a-7aee-427d-b8cd-d3164501eef8"},{"type":"match","id":"28f38ea1-6533-4b90-be34-9474360ad347"},{"type":"match","id":"2325f931-da00-4f49-95a9-6e4a9131ad5a"},{"type":"match","id":"7ba9d7cc-fd40-4a8a-bc58-833fc5b35460"},{"type":"match","id":"d0af3280-be4b-4d14-80b1-bcd102ba3b88"},{"type":"match","id":"b5851f9d-473d-481b-8e27-0ba36753bcb2"},{"type":"match","id":"00dcf858-4768-44d8-9ee6-f677824f1b48"},{"type":"match","id":"27ef19eb-41e9-47f6-9bc7-25c571e881e8"},{"type":"match","id":"cc70ad58-6462-4052-95e2-b53f024d609f"},{"type":"match","id":"ffc4aa5d-c48e-41ca-a330-d5867e1f4c19"},{"type":"match","id":"595b77de-bb8e-4d17-88d7-502a4be03aad"},{"type":"match","id":"96212388-7692-4421-bee1-541e3d84cf11"},{"type":"match","id":"cd8736f5-9372-4dd1-bf6f-89a3e543d5ba"},{"type":"match","id":"21ddda4b-4aa5-45cf-a4d9-44ad87284220"},{"type":"match","id":"dfabf176-0bb9-4b1c-b15b-938aeeb67df8"},{"type":"match","id":"d051d667-cd74-4a7a-a551-a39bbb15abbe"},{"type":"match","id":"885b9627-4ad1-4af5-b8c9-6ff1619e6a5c"},{"type":"match","id":"a06c8322-7fda-4823-a8c4-8498d85100e9"},{"type":"match","id":"4e1ccfe6-42c8-4e34-beea-d73d0c49c139"},{"type":"match","id":"2ea4730b-5f23-4118-8e3d-6293c298decd"},{"type":"match","id":"54b2b2a9-a14d-4c99-b5cd-bb930d1e2875"},{"type":"match","id":"79ddd7aa-094e-4154-88d2-ebf639be4b18"},{"type":"match","id":"ed7de4f3-c164-4820-8f4e-6a530f49497c"},{"type":"match","id":"cffe09d6-9edd-465f-a54a-3e10762fcf71"},{"type":"match","id":"2d0f7530-40cf-42cf-9857-3148b902db2c"},{"type":"match","id":"cc2a1e99-890b-4236-9815-f811ba7fee5a"},{"type":"match","id":"46774972-caa8-435a-bd74-572c67034900"},{"type":"match","id":"5ea3e891-94cd-4c05-8ecc-4793ad95c83f"},{"type":"match","id":"e9d199d3-ec10-482f-842b-965bb3f071cd"},{"type":"match","id":"9daa649a-8eab-463b-a90b-d79060c87972"},{"type":"match","id":"9dac50bc-10a9-4e09-b630-f8c734143505"},{"type":"match","id":"405b1e08-2492-4407-921b-8f89547383a4"},{"type":"match","id":"20dc1ecd-25e2-4019-8c7f-e2515dba0ad6"},{"type":"match","id":"7dfcc20e-bd43-4cdb-bf2a-a3feb4093f8c"},{"type":"match","id":"79f6c160-23aa-464a-8bd9-d3a4583f8e00"},{"type":"match","id":"753dbcaa-5f3f-4726-b06b-3fc48d595292"},{"type":"match","id":"2fd76dc6-aeb9-4137-aaa1-35d5978551b4"},{"type":"match","id":"31a4e81c-66c0-4974-818d-f020787aea91"},{"type":"match","id":"26a72fa8-3d70-4217-ae3a-bba6305eed7c"},{"type":"match","id":"fc65eacc-e78f-4bcd-8ff0-b8cc6e0e8f53"},{"type":"match","id":"840138fd-d5ab-48aa-9490-c27a2a110db4"},{"type":"match","id":"1aad07ff-af2b-4438-ae45-07d2a066feb4"},{"type":"match","id":"b06ab76a-fcc9-48ea-91c6-3602079dba34"},{"type":"match","id":"79322763-9e7c-4ff1-8842-e4fb7bc5d8df"},{"type":"match","id":"19c9d2f5-9316-4c2c-a075-b1023f18f027"},{"type":"match","id":"429fa088-d671-43bf-a42f-866c0c0fa4bc"},{"type":"match","id":"33c33649-abfc-408e-acd7-eb49f4029884"},{"type":"match","id":"04fb1403-c80d-44a8-96a6-02f0dd4b9cad"},{"type":"match","id":"c423f20f-9d70-41be-b050-46161e151fd5"},{"type":"match","id":"2914a16c-fa6b-489e-b8a5-31bf3c5fb764"},{"type":"match","id":"cd0b2da3-5536-4e7a-8a76-e5743ff5c405"},{"type":"match","id":"fa9f55f2-8f5e-449a-a740-9e86b9b12921"},{"type":"match","id":"8b527f3d-65db-4231-9934-038ac63f10ab"},{"type":"match","id":"b70b47b6-6abe-47a8-a02d-ff57bd2ba246"},{"type":"match","id":"f9f5b6d5-2df8-4a20-9401-1821e14b35c8"},{"type":"match","id":"9bbac696-b2cc-4b9a-8c5c-e5c189a6c81d"},{"type":"match","id":"7963cdf7-b370-4932-adb1-c4702e01f012"},{"type":"match","id":"6d1b2623-f789-40ca-a59d-f24629f1a025"},{"type":"match","id":"1c6171cc-7f7f-41b8-8d59-e57465752780"},{"type":"match","id":"7d20a649-08bb-4abd-8d5e-a2fe7eb195da"},{"type":"match","id":"c79a46dd-9722-406a-9168-f02200985d52"},{"type":"match","id":"0ab00b56-3329-4d0c-83bb-655303c4386c"},{"type":"match","id":"7e6b7ddd-807f-4c54-9b33-20df93b05b4b"},{"type":"match","id":"564eb038-c1b9-439a-8848-09ebb3936387"},{"type":"match","id":"5a8edd3d-a649-4de9-a94f-290664e04173"},{"type":"match","id":"034aa5c2-2329-4dc3-84ca-e4ccddead8e5"},{"type":"match","id":"ec252644-8dac-4e9e-b270-a45d97fcc466"},{"type":"match","id":"70826a48-4525-41aa-8f20-f16127af4120"},{"type":"match","id":"9debff6c-1321-4dbd-bfe3-2e26c4955ede"},{"type":"match","id":"562cbb4b-799e-462b-b758-13584c607953"},{"type":"match","id":"509e88f3-932e-4197-8152-874b1055f0df"},{"type":"match","id":"92782a1e-97f2-4ef0-9260-34a6596cb37c"},{"type":"match","id":"bac63a88-4f57-434a-9ece-fffa00539009"},{"type":"match","id":"bb772b7b-7e62-421e-be9b-5618b246bb52"},{"type":"match","id":"bb170b70-08b1-4a44-8312-a146ad07c3c4"},{"type":"match","id":"393b7e74-10f6-4dcf-a3a6-98cf6230215d"},{"type":"match","id":"56944823-2dc5-485b-9bca-2ef78c2f332d"},{"type":"match","id":"af7bb9f2-d9b5-4bcf-842d-ab97e04b3c88"},{"type":"match","id":"bce3b663-2d18-4f06-be59-bf6462c5f518"},{"type":"match","id":"18a6ae8b-acdf-4915-b8d1-42e8417a5684"},{"type":"match","id":"b6913f4c-6075-4ccd-bf20-fe7b222b8df6"},{"type":"match","id":"5e057988-7673-4cd9-a361-752059e7d831"},{"type":"match","id":"ab2eeca1-bcfd-404d-adac-afc29fd21a28"},{"type":"match","id":"695152d8-5b73-4eeb-9766-a301329d7b0b"},{"type":"match","id":"51d5ed69-ab31-4824-bc87-ee2e0dc75e31"},{"type":"match","id":"bd77df7e-8fe0-4619-b517-0a30dab30aa2"},{"type":"match","id":"1db1b9d7-443c-43e1-b01a-bbcd53ee032d"},{"type":"match","id":"35224607-1bb9-4ef0-86b6-aaa98c45cfdc"},{"type":"match","id":"88467463-8b47-4526-8b08-5631ae2c7066"},{"type":"match","id":"4933b362-6a24-43af-a147-a44f07c00ecf"},{"type":"match","id":"0de1f4b3-6e2f-440e-ba04-fa054b7286b4"},{"type":"match","id":"7c64e6e5-5573-4aa2-860a-dbd45dcf3b0a"},{"type":"match","id":"e7d7637d-4ff8-437e-ae98-67263f96cecc"},{"type":"match","id":"cc7a0dc1-e4f3-4564-94c3-a1abbeb15b78"},{"type":"match","id":"42ecb034-614b-429d-b4a2-8ee7b683d0bd"},{"type":"match","id":"f82a9588-0461-4bf1-ae56-e5564186f1d0"},{"type":"match","id":"2c7874d1-cefc-419d-a204-91dc5225fd0c"},{"type":"match","id":"44b84486-39c2-477a-a550-9a2a5b0c21ad"},{"type":"match","id":"c61a2904-c4aa-48cb-b525-f73a8054bd30"},{"type":"match","id":"cb4c36a6-6789-4f6a-ba69-3962f785c6af"},{"type":"match","id":"234104bf-080e-4770-8143-1ca433df806d"},{"type":"match","id":"7827b0ce-cadc-4135-a37d-87d0fc266063"},{"type":"match","id":"0f88ad98-bc97-4b3b-aa71-bc362d3646d9"},{"type":"match","id":"67c1a108-bd8d-4a9d-8f2c-d9edac637a4d"},{"type":"match","id":"a0e5aa46-0f50-4bc5-a9b5-d2351e65bc00"},{"type":"match","id":"d631e99d-a38d-496a-a847-6ecddb077f62"},{"type":"match","id":"6dc84fb8-8fd4-46d8-bf68-1b969b7f53de"},{"type":"match","id":"8805d0ea-6f0e-41ec-9357-886b5ee435d6"},{"type":"match","id":"56f6ebed-456f-4c53-ae73-3127e0939d93"},{"type":"match","id":"01460dd4-913b-4443-b8fa-e379321e2130"},{"type":"match","id":"bd61e3ef-b50c-4736-a75d-6595e1485c1c"},{"type":"match","id":"d516840f-5c67-4183-9a7f-dfce18babff1"},{"type":"match","id":"88d8e389-e6b3-4b68-9cee-191956014e05"},{"type":"match","id":"2e87615d-db28-4c01-b62f-532f648d61c2"},{"type":"match","id":"938108f8-e63e-4be2-af43-eccbec8c1440"},{"type":"match","id":"3be4c8cf-cd5e-42a8-ba57-b298b1c01c59"},{"type":"match","id":"c0abd235-899a-4b1a-aef4-8c3177504f00"},{"type":"match","id":"a8f5a014-e750-4075-8ac6-94af27f51340"},{"type":"match","id":"0d07deda-6fc0-4998-b7cc-83f75ff00664"},{"type":"match","id":"57c2cba6-20e9-45fc-b7e2-db9a04b0b2e2"},{"type":"match","id":"7c846b6f-77ed-478a-8a64-1ab3ba299689"},{"type":"match","id":"38cd05a1-43eb-4158-9f49-28a9de613c62"},{"type":"match","id":"e59e587b-7264-4146-aef2-94bfbaa5cebe"},{"type":"match","id":"147e4bfe-3dc5-4dc3-9242-854baf9319d6"},{"type":"match","id":"8888d0a1-1902-4cde-a945-0891c6363149"},{"type":"match","id":"82a25c37-dcc5-4b37-999e-83514ec9a004"},{"type":"match","id":"12bc2b16-8636-4ada-a9bb-5882b4b90bee"},{"type":"match","id":"196b6af7-fa62-49f5-94f4-c5e2f0587c2f"},{"type":"match","id":"4b3ee1c1-6a3b-4a03-97a8-d4b1c05c130d"},{"type":"match","id":"85637a50-cd0f-481b-96fe-2172cbedfbf8"},{"type":"match","id":"47d5879d-5159-4c0a-861d-a7dd2de2d037"},{"type":"match","id":"514ff8ff-ce94-4618-b89b-9941652e5445"},{"type":"match","id":"082f3aef-a16f-414d-85ec-13d903912203"},{"type":"match","id":"9e45c82c-1558-45f4-ae31-eba4a20dd3a5"},{"type":"match","id":"449733f8-2579-4171-a7e6-1df0f84f882d"},{"type":"match","id":"7be76786-b4a4-47d2-b873-cec71d816ccc"},{"type":"match","id":"72f06890-d7e0-458f-a68e-70f32805d07e"},{"type":"match","id":"b195110b-e04d-4524-bdf8-1c70ec6c283e"},{"type":"match","id":"705f6c64-e89d-4dfd-834c-4092e5547564"},{"type":"match","id":"c36dfbaa-fa55-4e82-8706-8a626eca426c"},{"type":"match","id":"115c7e53-a950-47ba-91ed-5c8b33790839"},{"type":"match","id":"57c1191b-4874-4a71-9e85-04bc72d57f65"},{"type":"match","id":"0dc97c7d-31cd-4e60-a849-b27e31443360"},{"type":"match","id":"3de21791-59de-489e-91ab-3a1dc9b23124"},{"type":"match","id":"ddfe77a0-7a87-4eed-b76c-2ea413a655b8"},{"type":"match","id":"8e67c087-e199-479d-8dfc-5564b1e77a48"},{"type":"match","id":"0bee935f-385e-4968-ba23-4ce6bb528d8c"},{"type":"match","id":"1837942d-f9b0-4c45-a4e9-e31aef51f32e"},{"type":"match","id":"c9565660-b868-4a8d-bfa1-72857b49b567"},{"type":"match","id":"3d63a6b6-47dd-4221-b0b3-d2d6d24d32dc"},{"type":"match","id":"4e48a712-78ae-4222-9f7c-9d6795fc98c3"},{"type":"match","id":"b7715502-926d-44dc-987f-d157c8d78282"},{"type":"match","id":"d2846e70-a4f5-4b2a-a41f-c54cb8ca8e6e"},{"type":"match","id":"83d43579-cd6a-449e-9421-02f14673ef43"},{"type":"match","id":"96255411-f1ad-4cee-9bb3-ae493239d0db"},{"type":"match","id":"596994f8-f685-4d6f-b263-fdfd5cfcee60"},{"type":"match","id":"c11c9b01-061e-462e-82f8-bbb4aa529e5a"},{"type":"match","id":"d6e121a3-a195-4409-becf-5ecdf1bac7aa"},{"type":"match","id":"d89ae03c-7d69-4c10-b65a-6a89b04a7fad"},{"type":"match","id":"dc9a6c9c-04f7-4063-8f22-ff2a1078c35e"},{"type":"match","id":"f7ef7116-46c1-4712-aa4c-539b9224883f"},{"type":"match","id":"3102bb9d-9fb8-48a0-8a79-d8e93becc29b"},{"type":"match","id":"7899ecf5-feac-4c22-8794-e4d90fcce559"},{"type":"match","id":"4007ea6d-bc94-47d2-aca8-cbefc40390a5"},{"type":"match","id":"e05f13bd-b5ef-4ca7-b20f-7e0fab8306f0"},{"type":"match","id":"d4f52a16-4de6-4622-912c-9b1d18a824ac"},{"type":"match","id":"4e9744e8-f5a1-4b5e-b7f8-7eed5ede810a"},{"type":"match","id":"cacba276-1a7a-4214-b722-eac38d815026"},{"type":"match","id":"16a0a5be-259f-4d26-b58a-aa39b6131f66"},{"type":"match","id":"4b17e77c-b354-4302-8bf8-e1246817a990"},{"type":"match","id":"f0f1c68e-2cd8-4a6f-a9a3-62ec6436e4a7"},{"type":"match","id":"d13c0e15-90af-4442-86a6-123a4a1017e3"},{"type":"match","id":"377b5ac6-6b90-4887-9fca-b738c911cc7a"},{"type":"match","id":"5cd8e6d2-811b-450b-b1d0-05c9e96a5973"},{"type":"match","id":"fbb4ac86-4db0-4cdf-b5df-aeedc8d114b0"},{"type":"match","id":"fbfaee71-e463-4303-b5bd-b3f52a6e93a7"},{"type":"match","id":"923c6401-2639-44c1-9ccd-05ab81738cb8"},{"type":"match","id":"6b032635-2c3a-4883-8d0b-23287856c72a"},{"type":"match","id":"801662b2-7562-40c1-bff5-2ca37699c933"},{"type":"match","id":"16c3d3f7-ef5b-4afa-9427-1268b915c8f5"},{"type":"match","id":"718579e6-6456-484a-b33b-340e02434eb8"},{"type":"match","id":"d1110cee-404f-49db-b74a-76d8fe026ecc"},{"type":"match","id":"6398c60b-9b15-40bf-bfa6-bbb4462cbfdd"},{"type":"match","id":"e8d47e6b-d88f-4ce6-8d45-27efa1e5521f"},{"type":"match","id":"d269a9e7-e33e-47b2-b6f8-a459debc853f"},{"type":"match","id":"2fe3ba90-4e77-4171-bcb9-4ac4b3c4cf2a"},{"type":"match","id":"dc90de19-c544-43f1-a158-4c436cccdc9d"},{"type":"match","id":"5c43fbb5-bee9-4d9b-a766-0da130a2a522"},{"type":"match","id":"79f69648-77a2-4306-a353-1aee90df6249"},{"type":"match","id":"673ef319-530b-4218-88de-6351ace508d5"},{"type":"match","id":"c3a113d5-7d05-414b-81d5-762157e51ac0"},{"type":"match","id":"fee7ebc9-3116-491d-8db9-4d69746097a4"},{"type":"match","id":"d574c48f-6c44-4458-8a63-d4f48e0a8240"},{"type":"match","id":"e379a92c-b644-4290-8255-86639edfefa6"},{"type":"match","id":"288cfe1b-3a1e-4fad-81c0-263296b4e5ea"},{"type":"match","id":"f234045a-e055-4783-899a-45a9601b1cf6"},{"type":"match","id":"cfc44754-4637-4249-b6dd-9d5c4879770a"},{"type":"match","id":"95499fe9-9040-438d-b1c9-5d9288bf8e2a"},{"type":"match","id":"4874e043-f7b5-4b64-b5a9-545917a6d8bb"},{"type":"match","id":"9d56b87d-6089-48fa-9205-549a3e1b0fa9"},{"type":"match","id":"7314b81c-e4bb-4fe8-8155-348c25dcc01d"},{"type":"match","id":"5556229e-e2cd-4f6b-aafa-b43c3100442c"},{"type":"match","id":"d5717323-e679-43af-a560-38b93063eef9"},{"type":"match","id":"7a1ecc1c-6dca-4f71-89bd-7a1db3f9abde"},{"type":"match","id":"83026ab8-f5c7-40c4-a4c2-bffd618e3d00"},{"type":"match","id":"b3078ab5-31e5-4c44-a511-8670006c0715"},{"type":"match","id":"8ee53d55-ed0f-4e48-a391-eeed9bb7bba6"},{"type":"match","id":"0b41af50-7e65-426a-b289-661f268f15f3"},{"type":"match","id":"ef7a5192-04a2-4861-863f-2caaa20f8f99"},{"type":"match","id":"86ea677a-d3ca-4cbf-b3e7-c31bc0cab7de"},{"type":"match","id":"ba65df2b-0226-4c77-9be8-7cf71509658b"},{"type":"match","id":"9bfeaf3b-2bcb-4d91-ab8a-ba640de126d4"},{"type":"match","id":"2a6e1bca-4438-4159-833c-22bfefd09131"},{"type":"match","id":"bb1d463a-e184-423a-9335-261444f4abfe"},{"type":"match","id":"6ffdee61-c511-4449-b02b-00fa5b8aba3a"},{"type":"match","id":"bc5a2899-7202-44ea-b480-8ba7a9869bc3"},{"type":"match","id":"59caadbd-4005-4b71-a177-1379432fedf5"},{"type":"match","id":"7eb5fa00-e1e8-4e42-8d4a-87fff39f6354"},{"type":"match","id":"d3fc7c40-8ddc-4b3a-b4fa-b81d2aa158c5"},{"type":"match","id":"255f9bcb-363d-4e33-8484-dd59b0162126"},{"type":"match","id":"48ec6d0d-2c34-4370-b487-cf7049c4dcfc"},{"type":"match","id":"04b7765b-9c61-4792-80a1-4fc6bde3697e"},{"type":"match","id":"f46928ae-b41b-4343-b85d-f79ae331e529"},{"type":"match","id":"8b0fef92-2d74-4161-b771-55463d57edc5"},{"type":"match","id":"08a309a0-ec65-42ff-bbaa-e2d4bb980856"},{"type":"match","id":"64f254fc-3287-4247-85f2-a2167c516924"},{"type":"match","id":"2cdc9d92-adec-488c-8481-9290ff636417"},{"type":"match","id":"02dc46cc-5976-4331-bc51-a133c9448df4"},{"type":"match","id":"17d84f45-6abe-498c-9ca2-6034e47eba86"},{"type":"match","id":"ceff440f-eca5-4e62-8019-50756495d4c1"},{"type":"match","id":"a8b093b0-dfbd-420a-b35e-6cfbb05c2ad6"},{"type":"match","id":"63267cdc-3bc4-4d36-9d37-2c70d460e116"},{"type":"match","id":"fdc2960c-fbf5-44c7-9428-3a62033f5656"},{"type":"match","id":"f253ed31-0741-45e6-93e8-62e6f4653b54"},{"type":"match","id":"89fa3448-e8b7-4d02-8a0d-6c4cca383f0b"},{"type":"match","id":"2cb8fc60-a3d1-4757-821d-7be8f04a769c"},{"type":"match","id":"153bcb8d-62c3-4173-b685-aa81ce7b01bb"},{"type":"match","id":"8261aa91-6435-4e9d-9c31-7f21396de58b"},{"type":"match","id":"df2990aa-2252-4927-bae1-3c5b57757e34"},{"type":"match","id":"231df641-a7b3-430f-b11a-bee84538a855"},{"type":"match","id":"34d0b45d-86da-4da1-887d-b6e000290fa8"},{"type":"match","id":"78d8cae5-8828-465a-9069-cbf998eeb91b"},{"type":"match","id":"13fd0ae2-a89e-4836-904e-487182948d9e"},{"type":"match","id":"32a46121-64ae-4ac7-9eaa-301ae3af403c"},{"type":"match","id":"db4686fd-bedd-4e45-a6e3-770587b864f9"},{"type":"match","id":"ec3bcb6f-00eb-451a-b8d2-1441b384553b"},{"type":"match","id":"c9c58ab5-7e3e-4180-9299-433ff719bf17"},{"type":"match","id":"5cfdb431-4d8e-476c-8197-140e1d2780a4"},{"type":"match","id":"f4d40673-732a-4f29-a21c-b0fb1c492ec1"},{"type":"match","id":"4f4e38e0-5015-4aab-9036-65d1e2d0a7dc"},{"type":"match","id":"2497f10e-2b09-414d-8e23-3c67731befec"},{"type":"match","id":"f67ecf6a-866f-438d-8468-17a703046fca"},{"type":"match","id":"1207fbf5-d3d9-4044-b7d8-4d315c508a09"},{"type":"match","id":"f7dcd5d0-e5f0-4f80-a603-616d99384a55"},{"type":"match","id":"bdb8d7ac-e556-4a9a-a871-c4f8531dc98a"},{"type":"match","id":"b4708abb-5d4c-4b06-b5bd-8307963a8913"},{"type":"match","id":"6e6c2cc7-82b9-4830-aaf4-3c6414d09bb9"},{"type":"match","id":"2d045d4f-3748-4dad-a9a3-30e1752a9852"},{"type":"match","id":"bb3a4fc0-c99b-4155-9f60-667e88a94756"},{"type":"match","id":"45e661c6-6b2c-4643-bf25-198d0c357c4f"},{"type":"match","id":"f0753c8d-690f-4d7e-b934-b194d6e378bb"},{"type":"match","id":"bff32db4-204a-4525-8090-f3fdea484079"},{"type":"match","id":"7b731a2b-dbe7-4c6e-99c7-0c1dc02a20a6"},{"type":"match","id":"f2a0b157-d5c9-44ae-bb0e-2ed3bae2b76a"},{"type":"match","id":"15cc8a70-0949-46d1-97fd-0429a4b01fe4"},{"type":"match","id":"133ae55a-288a-4fa2-a8c9-479b380211cf"},{"type":"match","id":"0025cfd7-376a-46d6-832a-23ba3fd79473"},{"type":"match","id":"91429be3-e975-4d9d-91dd-05e4553303c4"},{"type":"match","id":"5f708a14-72d8-4527-8e06-595a2ac253de"},{"type":"match","id":"63213d4c-34bb-4cc0-8f8d-ba3ae8e51f13"},{"type":"match","id":"8c3263eb-d98b-41d1-a83a-8233ab9d6eee"},{"type":"match","id":"5fcc7d6c-aecd-42cc-8ddc-b16f86910e31"},{"type":"match","id":"2365b195-5222-4627-904e-058de6b07551"},{"type":"match","id":"5092ceca-1e5f-4715-9628-100b70f17beb"},{"type":"match","id":"65d294e4-d7e0-4e5b-96f5-75606d80827c"},{"type":"match","id":"e7a34517-0403-493b-8572-10a3397caf1a"},{"type":"match","id":"b6615262-47b4-4a81-9787-7aa1a0a4f103"},{"type":"match","id":"4e854a5f-164a-4007-9095-13f60cb1ba1f"},{"type":"match","id":"86a62bbe-706d-486d-948c-c4460230f3b1"},{"type":"match","id":"c5704f72-3555-40b5-a4a9-3fdfe80e8854"},{"type":"match","id":"548e634a-d57d-4c95-8363-1c434d5ea8cc"},{"type":"match","id":"0ce2dbca-6cf2-4496-9825-1e8372130b78"},{"type":"match","id":"7c1f0e76-76cb-4bd6-9b55-11ea48244079"},{"type":"match","id":"0d7e897f-d693-41f7-a261-2f728afa2804"},{"type":"match","id":"e8878913-8e21-47e0-bb49-4e5d4972f471"},{"type":"match","id":"5ccdb5c7-4c71-431a-8d5f-1b8064518f8d"},{"type":"match","id":"1059280f-ee7a-4f61-b098-1e6d473e78c0"},{"type":"match","id":"be840766-c0f2-46bb-baa1-b39ba15eff51"},{"type":"match","id":"cb41cdc7-dca6-441c-8096-cc7cec396d1f"},{"type":"match","id":"a6798082-63db-470f-805a-482b1f22ad1d"},{"type":"match","id":"0878ead1-77a3-4ec1-a4ea-40df2153d670"},{"type":"match","id":"fc1db065-d221-49d9-9032-275bd1a4ed31"},{"type":"match","id":"0bfb9d07-54e6-43c6-98c6-84f2996e2314"},{"type":"match","id":"f3be6b6d-e6e2-4259-b3f3-3fb8a5c31eff"},{"type":"match","id":"d8870a00-da48-400f-a5e0-189c4f0ecfb0"},{"type":"match","id":"a185e71c-7b0f-4bf3-8d6e-fec1361f546b"},{"type":"match","id":"cd4cb3b4-d5ca-4f3a-bdc3-c5dac8f32974"},{"type":"match","id":"6b706ee2-a1db-4389-8077-e1244cce71b7"},{"type":"match","id":"2e02ad14-6211-486e-8a9a-aea641aec443"},{"type":"match","id":"940a410b-b644-4baa-b5be-20658451f5ab"},{"type":"match","id":"211cdaf5-afaf-4f97-ab68-d1cc60f360d4"},{"type":"match","id":"ca4e8ace-6a32-44d3-9d87-f4ab0c7c99d5"},{"type":"match","id":"0fd4b740-e193-435c-8b40-64c0298140ee"},{"type":"match","id":"b56de817-6ef4-4f3f-bebb-9440085b5c4e"},{"type":"match","id":"3520c2af-c6a0-4f56-8f40-0ef713ca44ed"},{"type":"match","id":"fab811a9-508e-4ff1-af70-82191451da7b"},{"type":"match","id":"5bed4e66-f7c7-4f03-9ead-34d8ceda358c"},{"type":"match","id":"9ca144cb-3629-4583-a633-8d01d3d01663"},{"type":"match","id":"0491671d-6fef-4a11-9492-574b0d9b14d1"},{"type":"match","id":"9b095d79-e08f-432b-aa25-2ff2b4f3e6e9"},{"type":"match","id":"91142888-5c71-4fd3-aadb-62b5032c9b21"},{"type":"match","id":"57b50b9e-5f1d-46b5-9450-d0b498bc8783"},{"type":"match","id":"b52b60dc-f7b6-4466-9394-80b8177f6c3d"},{"type":"match","id":"439fb30b-b096-4cc1-9ee0-937fa2466cc2"},{"type":"match","id":"dbda3f49-25df-4b9b-91a4-33033f877280"},{"type":"match","id":"954aab32-f4cb-4afe-821e-f75353024908"},{"type":"match","id":"9751e5a7-de3a-403d-a94d-d3a0d853b371"},{"type":"match","id":"b448f4bf-7a70-4952-b7ea-2cf4a0125ede"},{"type":"match","id":"a767298d-678b-407b-9c80-67f0a5094eed"},{"type":"match","id":"bbd297b2-8610-4b3c-afd4-612494049b48"},{"type":"match","id":"779b011a-50bf-4a18-909c-ebc74c4404bc"},{"type":"match","id":"d152b19e-678e-4f47-aec0-cf634c5e2ff0"},{"type":"match","id":"ca7ff332-d1f8-4d8f-8e79-2411ea0a8981"},{"type":"match","id":"6dd00306-c1a9-4874-9fa7-f49535f86eca"},{"type":"match","id":"da34ef46-900a-4fb5-8d77-ef65bfac6822"},{"type":"match","id":"0f9fe2ae-ec86-48e3-8fe6-7547152e0f95"},{"type":"match","id":"f42569aa-6342-4317-b02d-7ff1ab76d3ce"},{"type":"match","id":"5c162cb1-a179-4e88-8e35-5d9ad59995fe"},{"type":"match","id":"4e95b41a-54b1-4682-8238-cc5138f7fee0"},{"type":"match","id":"07eb584c-05b5-4cd8-92ad-ab0e71546883"},{"type":"match","id":"15629e2d-73cb-4287-bae1-360c774010ec"},{"type":"match","id":"857f1974-db05-4765-94af-39c28074bbd9"},{"type":"match","id":"42082a39-ab4f-4051-ac00-dc4754c757b1"},{"type":"match","id":"a8ae754c-1985-4a74-81dc-6e6b9a82c54b"},{"type":"match","id":"91fa8adb-8664-43a4-8078-3a7a22e1d1d4"},{"type":"match","id":"25f7ed1d-3dc4-4b97-83e3-453bcc4ee76a"},{"type":"match","id":"649a0017-8565-4d57-b9dd-9f44849ae776"},{"type":"match","id":"8c9b098b-66b2-4d46-bea5-3257fa27b172"},{"type":"match","id":"9ecf17d7-eac9-444c-92fa-723a0f6d5eba"},{"type":"match","id":"0c09d67e-46b8-4a90-8cd5-4222d9d2aa63"},{"type":"match","id":"9f91b756-7a32-46dc-a95d-aa7a00cc6a0d"},{"type":"match","id":"0ddfe487-4665-48c7-8ea5-81064a7f67e6"},{"type":"match","id":"bd35db72-a429-4dac-a763-8217165f46cd"},{"type":"match","id":"3fc7c147-9461-4aa4-bd8e-a247bd6deefb"},{"type":"match","id":"b2dbac7f-5f41-4492-848a-643dcb154cb5"},{"type":"match","id":"8630a157-913b-4772-8287-c56f8cd6a903"},{"type":"match","id":"2b26d403-f81d-42f7-baa6-865111d0575f"},{"type":"match","id":"71af070a-2b31-4d24-83bb-532916ee3ca2"},{"type":"match","id":"8e919dac-40a6-4443-8129-4d85814f822f"},{"type":"match","id":"f77c0c73-74b8-4e2f-9068-ab056bfcb138"},{"type":"match","id":"820be3b9-9bb2-42ac-bfb2-05814ddb00a5"},{"type":"match","id":"f3f7d08b-0292-4058-aa01-f159654fd8bc"},{"type":"match","id":"2eebf1e1-72af-4220-b5be-eb9cc7f92499"},{"type":"match","id":"c8679e94-8cbe-4b77-861e-09d17a58d2f5"},{"type":"match","id":"ddea571e-2305-4506-a3d0-ed51e0c66203"},{"type":"match","id":"3674385a-ddfb-4143-b60a-d22d44e9164a"},{"type":"match","id":"3a3bbe8d-ab4c-40a8-bb1b-b09871134391"},{"type":"match","id":"50be377b-6a65-4943-b068-b91255b10249"},{"type":"match","id":"a8551967-bdf1-4efb-b1e4-5198862bfd7a"},{"type":"match","id":"224044a4-88c0-4d52-bbb5-91860abb4aed"},{"type":"match","id":"e3958bf5-c49b-4d19-855b-c60936018c27"},{"type":"match","id":"42ce7adb-e06a-40d3-a2df-577338cdd5a3"},{"type":"match","id":"01428c75-f0c2-4057-9ff3-18dbbfb14dd6"},{"type":"match","id":"d97692fd-7095-4dd2-ba45-b12d3cbf5665"},{"type":"match","id":"70397e09-6b67-4311-8a30-bf336afbe98a"},{"type":"match","id":"0b227d88-6847-4b09-b604-34978ad5bd9e"},{"type":"match","id":"2e31dc20-8da8-48c2-b3a2-d6eca414639f"},{"type":"match","id":"d325b2b0-dd50-42e6-8c17-2dcab6991891"},{"type":"match","id":"e1dd124f-b6e0-42e2-a2db-358fee03b8ce"},{"type":"match","id":"8eb5e61d-df73-4e7e-b1fc-97da300f9dc2"},{"type":"match","id":"4bfae056-c096-48ae-987f-ba1ed24cb410"},{"type":"match","id":"0558717d-fffb-4051-88d0-03d892366b16"},{"type":"match","id":"6f0551f2-7925-411c-81c5-1fec6f875e1f"},{"type":"match","id":"fae1bad0-e935-4685-9588-f071d905baeb"},{"type":"match","id":"37a0f0c2-e2e2-44cf-a79a-ce2066e209f7"},{"type":"match","id":"17163098-5949-4d56-88ac-dc7f70d18771"},{"type":"match","id":"ce33f1a8-6e91-4217-85ba-f88110923e6f"},{"type":"match","id":"754bb1b5-e56c-46e8-af5a-c71f815945c7"},{"type":"match","id":"b0d0dfb0-efaa-455f-a6f6-0fd1d4b5f49c"},{"type":"match","id":"935ff00a-aa32-4894-aa82-73796d63ee7d"},{"type":"match","id":"5e87dea7-d8a5-489b-9dae-681864dd7647"},{"type":"match","id":"05eb8e9e-b799-45c7-9849-f7c9e3996031"},{"type":"match","id":"313d424c-1edc-41a2-b655-ba82e58a669b"},{"type":"match","id":"20c0db7c-861a-4886-a66b-20e7c5f351eb"},{"type":"match","id":"ee8c63c4-a361-4a20-b2a6-45cd9f965cc9"},{"type":"match","id":"7b600982-1bd8-4cc8-86e9-d814d02f7e03"},{"type":"match","id":"57a0f57b-9592-4380-9739-11b92e3aa02c"},{"type":"match","id":"49b241fd-983f-49a1-9505-c36a7389e589"},{"type":"match","id":"ae4095f8-6f8e-4eb4-b3e2-71819df2b4f0"},{"type":"match","id":"4f9262af-0b2c-4116-a1b6-4ae45a5f5911"},{"type":"match","id":"2b2d993f-7b3f-4c89-95ab-7dd7f90efb82"},{"type":"match","id":"e156823f-7dcc-4ab4-9dba-6b4b3a80b20d"},{"type":"match","id":"6cae0046-fdc6-46ca-813a-6599fa0534e1"},{"type":"match","id":"4444f327-3a4b-4820-91ee-e88093528b3f"},{"type":"match","id":"42755036-4c38-42d5-9413-2b7e57b51804"},{"type":"match","id":"10d00fdf-66cc-4859-b531-4b722fd093aa"},{"type":"match","id":"72236b50-fb93-4579-b1fe-5e99b66f8eea"},{"type":"match","id":"f3bb6ab7-9e8c-4d56-8e0a-f66eee1ba7ea"},{"type":"match","id":"edf8d03f-fc3d-47b0-b8b4-4a5f033f3160"},{"type":"match","id":"2df26b26-d753-4c05-96fa-ff23f7be8954"},{"type":"match","id":"e91393ad-b832-49f9-b96c-3de2957373b2"},{"type":"match","id":"6c19bcd4-34ae-4cbc-9b1a-238cbb33b77c"},{"type":"match","id":"1d3de717-8c0f-4804-b259-932e3077a90b"},{"type":"match","id":"09c47434-6711-4911-b650-316fb98e9db8"},{"type":"match","id":"60bc9141-d580-4209-99d9-8f72958c1b94"},{"type":"match","id":"c165852c-bd33-41c3-b339-644d27462565"},{"type":"match","id":"65cc00ae-d1de-42a0-b510-a0ba05b6fa19"},{"type":"match","id":"5f86fdf5-946e-4507-add8-f14decb94992"},{"type":"match","id":"8f8cf81e-cc20-4680-adc1-921987d0ec90"},{"type":"match","id":"5bee4867-00be-4264-b2c3-005c9417e884"},{"type":"match","id":"310cac5b-64ec-41b1-909b-f45b03d225e2"},{"type":"match","id":"5fca3468-5472-4c15-8b67-38a24c366dcc"},{"type":"match","id":"fa5f90b0-9697-4c0f-b223-8d995f63b1dc"},{"type":"match","id":"51994ff3-76b9-4bed-9b90-e1b901bb41c4"},{"type":"match","id":"d01bd7c0-a18c-416d-b616-09e3cae03800"},{"type":"match","id":"de7ef01f-03fe-4ad3-af17-15243a38f4a5"},{"type":"match","id":"264b2595-e6d4-4ad7-b029-fa10ba97195e"},{"type":"match","id":"9226106f-ae35-4325-a089-afada5580ffd"},{"type":"match","id":"5b19aad8-1b77-40ae-8dee-6061dccb7ef7"},{"type":"match","id":"a41dc8e0-05af-436f-b7d5-6936bcc41d68"},{"type":"match","id":"e22505e1-f666-4cd8-9da6-b097a2f78da5"},{"type":"match","id":"84ff063c-6d77-48af-9162-f0462d075976"},{"type":"match","id":"d2e2be89-acc3-4bce-8fce-9ae4595e1f4b"},{"type":"match","id":"21cb0a49-3635-4813-b7e5-3784b3406195"},{"type":"match","id":"655c1243-8af1-440d-b79c-6734183ec2e4"},{"type":"match","id":"432e17a3-3609-49ae-bfb6-4e6d8b556916"},{"type":"match","id":"8586e654-4af9-4867-ab55-7f649c507f5f"},{"type":"match","id":"909cdf6a-9d91-4836-9a2a-2911405faa6e"},{"type":"match","id":"9c410cde-cfce-45bf-ab98-e4cfaa7744b2"},{"type":"match","id":"0516580b-834b-44bc-8bee-ffb320d380a1"},{"type":"match","id":"c11a062d-69d6-4ace-82d5-c9dea8770598"},{"type":"match","id":"da1b95a0-a605-4208-b9fe-d5d289451044"},{"type":"match","id":"7eb02c6f-c6ee-455a-9bc8-2582177df1a9"},{"type":"match","id":"46ea9abb-1feb-4a78-8b95-72214f70eac6"},{"type":"match","id":"7acc638f-a41c-4c0c-8288-14308d11670a"},{"type":"match","id":"a24977d9-f5ee-4a7b-9316-cc1a53538c16"},{"type":"match","id":"f6e4bad9-e652-44c2-b3ac-a7077999a600"},{"type":"match","id":"84357122-779c-482c-953a-6ed0f610e4fd"},{"type":"match","id":"58eb2455-afcb-4ee0-b8ff-d98b79cba9b1"},{"type":"match","id":"45ee851e-048e-4130-abc8-939fcea0078d"},{"type":"match","id":"171099a5-b354-462b-9c63-bce9ea0ff2bd"},{"type":"match","id":"6cf6876f-99ee-4ef2-b4f5-f79304ddc5cd"}]