[{"type":"match","id":"10a1fd08-40ef-455c-956f-127685984cf6"},{"type":"match","id":"ff5c3b2d-8ae8-4a93-ad14-617d38214657"},{"type":"match","id":"e28092a2-d4ec-4960-bc90-30117339d4af"},{"type":"match","id":"3f16a77b-c751-4c7c-9012-2faf11886279"},{"type":"match","id":"da1e07f4-128d-4812-a2f3-73907ad71bf6"},{"type":"match","id":"68af1196-0001-40cb-87b5-bba891f6ff48"},{"type":"match","id":"57ef9233-9aab-48c5-bf82-7cca8200db31"},{"type":"match","id":"d5eeaa12-f5e0-4ffa-a733-113e5b5ff874"},{"type":"match","id":"1cd7e04a-d941-4686-83ac-e4ad55ec2e06"},{"type":"match","id":"30fa08f9-795a-43f9-8e5d-2fb9edf7b449"},{"type":"match","id":"2e14b694-2dc0-41d3-a0b1-39de7dbb79ad"},{"type":"match","id":"f022fbb0-e394-4cea-b868-75fe8f6e7c33"},{"type":"match","id":"b62bd020-d8f8-4733-a0b5-815456179998"},{"type":"match","id":"d146a8bd-54a1-42b9-967b-dad1a33b81b8"},{"type":"match","id":"2fcadc75-370c-44de-bca5-9475ab9dbc2b"},{"type":"match","id":"e8bea64a-d7f5-4844-bbbd-2a7b460d4a21"},{"type":"match","id":"bd9e392c-1c74-43e8-838e-de860d5e3811"},{"type":"match","id":"b11e277c-5596-4c27-9cab-6bf4e2a8c448"},{"type":"match","id":"6a8dac4d-1f60-4a08-98df-dd4092cc0ba3"},{"type":"match","id":"7bec3bf4-7ad3-4d4e-b440-e4fe4db3dc85"},{"type":"match","id":"6ded2245-daff-4f24-8c5e-9e983b5aaa27"},{"type":"match","id":"c21325f0-cee4-4c42-bd05-797424940955"},{"type":"match","id":"37d9e659-216f-4aac-9a29-8023fe41a5bb"},{"type":"match","id":"1a44c3b2-0125-410a-9cdc-0d12eecee70b"},{"type":"match","id":"aba22762-cc2d-413f-b46a-0421ead3df2f"},{"type":"match","id":"1ea47e62-e246-48df-aac1-9885441d7daa"},{"type":"match","id":"ac25dfb8-2994-4a72-9b82-f0110a823451"},{"type":"match","id":"72031ab6-c067-4e45-b054-37bca47994cc"},{"type":"match","id":"6c665b2c-25bd-4e24-a2f4-e692873aabfe"},{"type":"match","id":"fc1c9a9b-7236-4ff5-9db3-e57751cecffe"},{"type":"match","id":"cb1d8be4-eb73-431f-94aa-8028a775d399"},{"type":"match","id":"9b5dba74-db26-4378-b882-29db89b920e5"},{"type":"match","id":"5dcf3743-a278-45aa-b17b-876af41db6c6"},{"type":"match","id":"4d9c35b7-d8c2-4e3c-9558-1883167d227a"},{"type":"match","id":"3f76570b-957f-4618-b964-23d548ffb751"},{"type":"match","id":"c8efa545-3026-4a70-a46e-8e6984cd5502"},{"type":"match","id":"f35cafaf-6973-4141-ab54-603a029b61cf"},{"type":"match","id":"f8318d5a-68d3-4465-b047-df2135c3ffec"},{"type":"match","id":"1dba51b9-6cf9-4810-befe-90ea7c678380"},{"type":"match","id":"7897da52-3ec7-4b7b-88df-29a153016dc9"},{"type":"match","id":"029e8516-9bf4-4cd2-9395-dae0924b32f7"},{"type":"match","id":"562fefa9-2365-4971-a7a7-22456633f9c8"},{"type":"match","id":"964aefb5-8a47-4e0d-ba31-ce57f4a99415"},{"type":"match","id":"b804924f-f885-4af6-86b5-09c18d832540"},{"type":"match","id":"147a6f1d-a42f-4601-930d-4dca6a8aea64"},{"type":"match","id":"8d6f1070-23c4-4f80-9012-d3243c4f8104"},{"type":"match","id":"bd753cb9-e9e8-4ccc-aa33-591fcc90acd5"},{"type":"match","id":"b4bb7d99-cef4-466d-9c47-623e396f34c9"},{"type":"match","id":"0d52b41d-8f68-47c4-904e-5c4e059cb635"},{"type":"match","id":"9d234375-a45b-4862-b6be-30688563524f"},{"type":"match","id":"031eefdc-a470-4e3f-a0bb-d7d7bb7b5305"},{"type":"match","id":"e5fe3f1c-926f-470b-892f-a79c7b8d1ac4"},{"type":"match","id":"b531f7c1-5da1-4031-9197-a22893977b5f"},{"type":"match","id":"8c5f6369-0de6-472e-970e-74464b1a5fa2"},{"type":"match","id":"5f26439f-80f7-4f4c-97e1-4cc0755573d0"},{"type":"match","id":"cf254985-8cb6-4bdd-8623-311ccc6a6f8c"},{"type":"match","id":"d9b7c949-6694-47ce-afb2-46e6e3e11ffb"},{"type":"match","id":"8569e980-9ba4-4bf1-aec3-ece81ba9fcc0"},{"type":"match","id":"4b763150-99bf-4c4e-9d1a-58a2d4bc8fbe"},{"type":"match","id":"944a40f3-37a0-4e20-95ff-6f879dcd059d"},{"type":"match","id":"420a2e31-fe3c-40bd-b4db-3ab54ddcb2a3"},{"type":"match","id":"6e781feb-12ad-4341-b60f-fd5db1bf82ea"},{"type":"match","id":"81f5e5b8-6647-43d4-86f5-52c71279e6a2"},{"type":"match","id":"d5a1f894-3f62-40bd-b60f-5ef39ce993e3"},{"type":"match","id":"ee132317-6eff-40e4-8a07-13b4b959bc4d"},{"type":"match","id":"4b568d62-8a6c-49b5-8169-ace5f9a9c7a5"},{"type":"match","id":"9cd95a65-7d6f-4ab2-a23a-859d58292498"},{"type":"match","id":"63b8588a-6951-4293-b260-3e3f79c7c799"},{"type":"match","id":"fb0ccd6c-4cd8-49a4-840b-ce86f349dd6a"},{"type":"match","id":"4a125789-8461-48a3-8cbd-792ac99471a6"},{"type":"match","id":"c2090064-55c7-48db-a9f9-c82231d66182"},{"type":"match","id":"1882b678-152b-41ec-8977-41f77be6c0f7"},{"type":"match","id":"3ad6e463-2de2-462a-afbe-96745f08fa84"},{"type":"match","id":"e5bdbb08-9328-49a6-9e1d-99f7e5bba92c"},{"type":"match","id":"70faefa0-3c5f-424c-86e8-de70a00e73d5"},{"type":"match","id":"64318837-28e7-4d00-a156-429169455cd1"},{"type":"match","id":"8b7501c2-17a6-40a3-949d-46435d84faab"},{"type":"match","id":"3e53ba25-9022-4b71-9afc-f98050b27b93"},{"type":"match","id":"cbe97208-7bfd-4613-b686-c903b2804fa8"},{"type":"match","id":"dde84ade-f88b-41b5-a403-87851defb513"},{"type":"match","id":"1c33f9de-a198-4c2e-8253-0cb678271514"},{"type":"match","id":"4f680f9d-fe3f-4b93-bebc-28d351b8a415"},{"type":"match","id":"50a8d1d7-6e98-446c-8774-73a469c1e423"},{"type":"match","id":"18ec7424-bed3-4db2-a963-0be6fff239cb"},{"type":"match","id":"5531652e-a5e6-432f-be7b-08477cc31c54"},{"type":"match","id":"49e59612-8821-4601-9dfd-3ac6f683eccb"},{"type":"match","id":"a13d1c43-4408-4e30-ae39-5af2c503b35d"},{"type":"match","id":"a94192e2-ea6d-4a77-abe8-fef738e96fcb"},{"type":"match","id":"433e7cb1-e5cc-4f2e-acc7-df044173cf8d"},{"type":"match","id":"c8e454e3-dd54-4812-b102-4cc728fc9efe"},{"type":"match","id":"9dd58972-8b54-4c23-8ef5-a6c73b99c5b2"},{"type":"match","id":"4ac7673c-efb2-4edf-93bd-630b5bf3fc12"},{"type":"match","id":"5bde254e-aefc-4f01-9dd2-d0fbc115b0ba"},{"type":"match","id":"62941bf2-f71f-41da-bb0b-79cff1f57bfe"},{"type":"match","id":"740c30fa-a411-499f-9e35-45dc5ec7a3b7"},{"type":"match","id":"b1afb4ac-432e-4b85-b69e-8a1811e0322c"},{"type":"match","id":"7c6208a2-f60d-4463-8cb8-c28a1058e20d"},{"type":"match","id":"d8bf2090-3e1e-4de8-9d16-9829ec561727"},{"type":"match","id":"0021a226-3629-4c76-a0f1-23ec6980b1b7"},{"type":"match","id":"40546e57-176d-4bac-9352-00eceb4b286a"},{"type":"match","id":"d333cca2-77cf-4ecc-98c5-b1e7083cd4c8"},{"type":"match","id":"24a0e4b6-ee5b-4075-998a-aad0f79e999c"},{"type":"match","id":"cc671ee2-462a-43fb-9832-957e7cd928f8"},{"type":"match","id":"083990da-dd1d-4763-9fff-c115dac6163f"},{"type":"match","id":"1a5c087d-f3be-4049-9750-44400b7b4dd3"},{"type":"match","id":"a20b3c03-1ac7-4084-8678-dab3732388e7"},{"type":"match","id":"d9227584-8cd3-443b-92de-3ef31eb1237d"},{"type":"match","id":"3f74b945-b8c0-4282-8611-e46ccaf7cbd7"},{"type":"match","id":"fb4d94e3-6b92-4f78-b2c4-eb3136273e1f"},{"type":"match","id":"424e0517-7d62-4a1f-ae2b-524330cb8c95"},{"type":"match","id":"d34d76ab-76b1-4d49-afa0-675f3104f043"},{"type":"match","id":"e8ccc94d-c124-4746-ac73-bde4e1b18531"},{"type":"match","id":"ded788d0-15ec-4e3c-bedb-09ed112e2943"},{"type":"match","id":"5d2c60c1-b392-412d-88ac-99750aa17651"},{"type":"match","id":"b56f31e6-8012-4068-850e-86b387e2f078"},{"type":"match","id":"b392d4a8-0242-4e28-9d17-77e374a8e54e"},{"type":"match","id":"ce55887f-e732-40ec-9b62-fbad2e77cc01"},{"type":"match","id":"30274831-98e7-4c83-b3c1-482b13bbe876"},{"type":"match","id":"2748f764-f5bb-4778-bd76-36c58e9a9662"},{"type":"match","id":"89f0603f-dde5-4a41-91be-9c04f2ac5f46"},{"type":"match","id":"14b1ad17-d093-403e-a1eb-f9c2a08b6e23"},{"type":"match","id":"ab3471d5-0557-4019-abd7-e675e80a60bb"},{"type":"match","id":"6ee940cb-aace-4b27-b620-7977255b24f3"},{"type":"match","id":"e21ef011-9253-405c-866c-745ea304f0e3"},{"type":"match","id":"8af09227-db4c-4bf7-993a-0b5a8cebedb6"},{"type":"match","id":"750e00c3-99fd-43b1-a01c-74a15ef50562"},{"type":"match","id":"fdf52624-9764-4924-826a-a0042bae5bea"},{"type":"match","id":"76d6c844-e759-4bcf-a6f2-0b868d74518a"},{"type":"match","id":"d2ce292e-b2b1-448d-bc67-25b75f3a40ee"},{"type":"match","id":"633760ab-cf02-4129-a505-eacb0d1ee899"},{"type":"match","id":"99453cc7-7c04-4c71-b82c-254b6524b08b"},{"type":"match","id":"b3a16617-8182-4bf5-b0d0-9aab07e1d3cb"},{"type":"match","id":"99d50811-9425-4c32-a2c0-e218fbc76888"},{"type":"match","id":"9e133c79-666c-4205-a8c5-3557765f3160"},{"type":"match","id":"3ba3bbf2-d0b6-4c54-8df1-180ecd5c01f8"},{"type":"match","id":"c6d8bd9e-9524-4037-8a87-d1c47a3b1ebf"},{"type":"match","id":"74f19d1d-ffe7-4bcf-85ac-0866dfabaf7a"},{"type":"match","id":"e2eaff1f-ae75-4534-ad9f-8621d2804133"},{"type":"match","id":"0bfb63f9-eec7-4cde-905d-53f408ca3628"},{"type":"match","id":"5022be7c-8548-457c-9be5-8b33b626ec57"},{"type":"match","id":"5a7a5b35-ac77-4d0b-ae83-d6d1cdee80e5"},{"type":"match","id":"c481c64c-1fa9-4b67-9fd1-25993f7a9e1c"},{"type":"match","id":"1cfb7f2a-8695-4b6a-9181-05782ff27819"},{"type":"match","id":"cf1a8c97-05ba-4154-ab24-308ead668c32"},{"type":"match","id":"2dbbfbe1-38a0-41b2-9d71-e7ec7924e43b"},{"type":"match","id":"f17cb87b-053f-4cf1-b230-3a017f4732ca"},{"type":"match","id":"479b2144-5525-410f-911e-111f39a2ed15"},{"type":"match","id":"b73ea9a5-c580-40e5-9cf3-12d67ee5945b"},{"type":"match","id":"d3e5f50b-58cd-4f52-91de-39946f69053f"},{"type":"match","id":"018cc284-a2f6-4525-9425-2da67a625def"},{"type":"match","id":"fc126faa-ade7-4205-bcbb-9b8cb2ef280f"},{"type":"match","id":"9a9fd9e6-5554-43ec-868f-bf2d0b83797b"},{"type":"match","id":"d9fda509-3ba2-4761-a29d-bfaee8bdd6f0"},{"type":"match","id":"33b0d100-69ab-4fe1-98db-07891f1ed5d2"},{"type":"match","id":"f97fa0db-9238-41dc-8fc7-b9a146990584"},{"type":"match","id":"78749aca-f1e2-4943-9071-135a3dc77934"},{"type":"match","id":"a86ca900-8d65-4334-8ca3-8f068a1b52a6"},{"type":"match","id":"fdc3f940-c2f8-4cec-8765-3443a53c7204"},{"type":"match","id":"ee2d39d3-92ae-411f-89f2-623722388ad7"},{"type":"match","id":"08929572-1cd2-4101-9b57-0de4ad5d542a"},{"type":"match","id":"bc0aefe3-3a1f-4704-a409-fa339eb31786"},{"type":"match","id":"1411de5a-b928-45b5-ade7-4bdfd932f9db"},{"type":"match","id":"c43718de-5ee6-4be1-baf6-ed42362a597c"},{"type":"match","id":"bfd25aa8-bd78-4b93-9006-75e65f7a22b5"},{"type":"match","id":"2a24ea1c-0f8c-4003-b0ef-10ba81473640"},{"type":"match","id":"641edec8-45ef-477a-9620-ae4f2642da7d"},{"type":"match","id":"0fb3c0de-ad8e-4f08-a94b-6c57fded5c75"},{"type":"match","id":"8550b7dd-887f-431e-9a7f-25cc1a15d91a"},{"type":"match","id":"f0ef5fd5-7778-4fa8-b15f-5e30604d04ce"},{"type":"match","id":"15e27e82-4738-4056-a304-f3ecb6ac385e"},{"type":"match","id":"40a284c4-29bd-4614-ab19-3962983c5268"},{"type":"match","id":"43f10b4e-cd06-457f-9a36-a1ffd240c07b"},{"type":"match","id":"feb6faf2-8816-4752-a5d9-db0eff8b3ac2"},{"type":"match","id":"501b582f-13e0-40fa-bcb2-f711628cebf4"},{"type":"match","id":"4d93eb98-1b23-4920-9717-26fed2b79da3"},{"type":"match","id":"45cb1cc3-7a9a-45f1-806e-9f434558753e"},{"type":"match","id":"49e0b339-550a-414c-bda6-a6dcccb443f4"},{"type":"match","id":"f778144a-4566-40e7-a7f2-f14dc2bd481b"},{"type":"match","id":"e879aeeb-6a5b-44c2-a921-5a5e33766cab"},{"type":"match","id":"5defb009-e9e4-4a7c-874d-4f465696ffbe"},{"type":"match","id":"75cca867-e706-4c3c-9566-8ee3d82a8460"},{"type":"match","id":"17342ce4-0b31-4ec5-911a-b614e40452b4"},{"type":"match","id":"17e8ce63-67af-45ec-ae4e-6f2dca83a420"},{"type":"match","id":"b0d9ccf9-8226-46fd-ad82-24af43ca2095"},{"type":"match","id":"44df52d9-8ea8-4f07-b54e-682312882a4a"},{"type":"match","id":"64a23c35-465e-4ccd-8058-b9454cee437e"},{"type":"match","id":"dbde50d0-ecd4-4369-b947-43be3417c740"},{"type":"match","id":"729b1dd1-0ce1-4e96-adf8-2428be2cf8e6"},{"type":"match","id":"060e8052-9a43-4249-9c03-4450d6bfc120"},{"type":"match","id":"16691e9a-e086-426c-be5d-f4c29faa4b7c"},{"type":"match","id":"9c73aabb-7ce6-438c-a37a-3c2f19496b09"},{"type":"match","id":"9b887243-4610-4c56-9412-404059c1a582"},{"type":"match","id":"41ba6816-a2bf-4453-9fd5-50ec96a1bcda"},{"type":"match","id":"b758da9f-5a08-4ad1-b94a-50a19c5d2f92"},{"type":"match","id":"412996a6-a8e1-4eca-b6f1-0b4f2da3962e"},{"type":"match","id":"cb72b80d-54fb-42f1-a86f-753498d16b51"},{"type":"match","id":"8599261b-7e1a-44bc-ad79-d7cf1a30e89a"},{"type":"match","id":"0d9416e5-df1a-4bc1-af69-e855962832ff"},{"type":"match","id":"475fc9ae-0c9d-44bd-a617-8e4dc493305d"},{"type":"match","id":"a623f40c-23b1-453a-a5de-2f86994fda98"},{"type":"match","id":"8be70502-591b-410a-8586-e22162cf0b9c"},{"type":"match","id":"112c2945-2524-4943-9a42-375de9c6fc2c"},{"type":"match","id":"b83d2c80-def7-46fa-8949-3d8c9343d1e8"},{"type":"match","id":"6a1b0773-1396-4043-828f-fbf1f580fd07"},{"type":"match","id":"6575ad2c-43df-4504-b490-07d7af94767b"},{"type":"match","id":"2c0b9926-074b-471e-9113-916fc17aa520"},{"type":"match","id":"3cb37aa3-d632-4568-aed5-c52471454c12"},{"type":"match","id":"0ce08ba6-a05b-4e2c-9493-df067bacf629"},{"type":"match","id":"3748726d-3cc5-49e8-aa4e-1f5a99c6ca51"},{"type":"match","id":"6a855478-d5b3-4771-8108-d0f6d111e9be"},{"type":"match","id":"57a9e420-0cac-4f9b-9c83-4971a1447331"},{"type":"match","id":"2e7079ed-7779-4685-8544-dc49ff258ccb"},{"type":"match","id":"ead90235-6b8e-40c7-a668-f2f0362aa007"},{"type":"match","id":"e0c4569e-b01c-4698-9477-d8e3d2424f19"},{"type":"match","id":"2b4b88eb-2887-497e-ad54-b6c80bfe664a"},{"type":"match","id":"94539b6f-e80d-4684-99c9-1e348477378b"},{"type":"match","id":"2167a320-9a84-44fc-8194-ae65930f1110"},{"type":"match","id":"55b44e86-8360-4027-88e2-4d7e650f3dcb"},{"type":"match","id":"547151fb-89e7-43f0-91fb-500d4df32b88"},{"type":"match","id":"6a6478bc-f4f2-4957-aff6-5969b9632ea4"},{"type":"match","id":"744008df-02da-46ee-86de-46d752c911b4"},{"type":"match","id":"4cbca612-e497-4ffd-a5aa-365d093cc678"},{"type":"match","id":"23ac9445-284c-4c3b-a0c9-b3faec139ac3"},{"type":"match","id":"4b0c542e-0a70-4d2b-8e01-129b4117f1ae"},{"type":"match","id":"b4714e2b-0a4e-4f0e-aec0-0817d9c6d4f2"},{"type":"match","id":"080047fd-5495-42a7-8b34-2b1d15cca752"},{"type":"match","id":"c5cc8ee3-36a0-4fc3-8aed-affca14abd37"},{"type":"match","id":"03801924-132f-46b0-8fcb-71922f340dfe"},{"type":"match","id":"e1fb8379-9f6b-4a97-9fd0-3556870ad587"},{"type":"match","id":"f7086ca2-4d71-4868-a578-fccbb191322c"},{"type":"match","id":"3c386681-16e8-4bfb-a12b-335b6751b242"},{"type":"match","id":"a6100e50-5702-4613-8be2-2f343d3456e0"},{"type":"match","id":"57167bf1-3413-4748-be4b-443d5d839025"},{"type":"match","id":"2588ed18-52f0-4fd6-bd9b-fe4c36af6a23"},{"type":"match","id":"2aa5f827-741e-4229-bbc1-d6adc58ebb56"},{"type":"match","id":"f341ec57-40d8-4d16-904c-76077899fc2a"},{"type":"match","id":"a5101240-7442-475e-826d-165152c8a73b"},{"type":"match","id":"326a27c5-4173-42c3-872a-27204c5f9e2e"},{"type":"match","id":"2f767cc3-185a-4a6d-a1fa-3ec1fbcf6872"},{"type":"match","id":"9352c42a-bb90-4381-a8c8-3d4ac4164ee7"},{"type":"match","id":"2e12eb07-146f-4616-9f92-6046fc6c5c99"},{"type":"match","id":"d8a891a0-ec54-4b5e-8f6d-3a4a4865fc23"},{"type":"match","id":"ff5dfe38-b407-4931-9bba-5796ebcfcb75"},{"type":"match","id":"36ca0c05-3be0-453f-b140-ccc6437d7506"},{"type":"match","id":"0304f9b1-82ba-4729-b2b0-8ade7f524f87"},{"type":"match","id":"d44deef4-f5be-4323-804b-ea37baa389bd"},{"type":"match","id":"ac944ab7-5a9c-4921-8c95-537dfec17303"},{"type":"match","id":"c96a8d1c-86b9-4ceb-8b08-971db190fcc8"},{"type":"match","id":"df6d1cf2-e7fd-4e4e-add1-ddcb183f0998"},{"type":"match","id":"9b864b30-579d-4d60-a737-2aad1235a715"},{"type":"match","id":"c307d88e-22ce-4d2e-bbec-545a58cebe0a"},{"type":"match","id":"3ec01b3e-55c6-46a7-b451-47b76dd7380e"},{"type":"match","id":"d9834073-d63d-424a-9863-82f1639d64b2"},{"type":"match","id":"e76f5464-0b61-4e70-87a9-a8b02480b47f"},{"type":"match","id":"4ac1c303-0d30-4728-9757-91e363faf773"},{"type":"match","id":"c18ddc82-41e0-40c5-9dd1-59098686ba8a"},{"type":"match","id":"048e7dda-e8c6-4154-a1b2-e3d04f22c3e1"},{"type":"match","id":"71e7ec67-05a3-4c81-a837-cfd335fa3603"},{"type":"match","id":"6815b066-ef72-499f-bf85-a44263a98b16"},{"type":"match","id":"287ffca6-80bd-49e1-ad74-8a98164d77eb"},{"type":"match","id":"05653149-1a79-449d-b69b-0e4bd6919896"},{"type":"match","id":"03f980a7-f78f-4dd0-af20-6f8768acfc1d"},{"type":"match","id":"0152063a-7436-46f6-b551-e3f77939e504"},{"type":"match","id":"658b6a7f-bdaf-4f5a-802d-0cc11afaae38"},{"type":"match","id":"b4196a4a-546d-4cfb-ba03-e8b89e61d05e"},{"type":"match","id":"9cb1bcb9-0c57-4ceb-b1ea-383c2e7190ce"},{"type":"match","id":"d9957453-0b8a-4300-a06a-869651d357f7"},{"type":"match","id":"ef6bdec4-d298-4643-b75d-0c8e617ac19c"},{"type":"match","id":"6c4e54a0-dec8-4a6b-ae69-9f159edcd7b4"},{"type":"match","id":"7baae819-767a-47f9-9798-9699572e1e92"},{"type":"match","id":"de0eec9d-eb25-486c-9464-91c5c27b74b6"},{"type":"match","id":"7720b77f-b240-4cba-9bc2-7ab9b5945811"},{"type":"match","id":"49943061-d0b1-4a1f-9b68-e3a7aba6a8f2"},{"type":"match","id":"c3b3ec03-43c5-4afa-a726-412609990461"},{"type":"match","id":"7317fce3-85a6-4342-b569-03dd128de88f"},{"type":"match","id":"801014c4-c79b-4da1-9124-68095be5fb5c"},{"type":"match","id":"f2a1ca69-e435-4a7e-8ea5-c8738632a267"},{"type":"match","id":"327a0651-a5eb-448d-b5ce-681710f36d0e"},{"type":"match","id":"301df458-3305-4d86-bb04-1608d9652608"},{"type":"match","id":"a085b0a8-ae9e-4ba9-8419-c5ed462ed59f"},{"type":"match","id":"69a11ed8-f0a7-4e15-9fe9-cef59e2d3ac0"},{"type":"match","id":"cc7a1164-b3e9-417d-ba39-dcca16c6116d"},{"type":"match","id":"0a0a1fc3-7c88-4e21-927b-97d93da0a4be"},{"type":"match","id":"6fd1b4db-6159-453e-90dd-485b101b02b0"},{"type":"match","id":"a5d7ca5a-5f8a-4513-a839-e3ee2bfb1769"},{"type":"match","id":"144e0c5c-c26e-49d1-b148-81eb9d046cad"},{"type":"match","id":"83e0b6bc-9356-4e75-a868-d43e9fa83d4f"},{"type":"match","id":"44bb56f6-2ae8-4943-9ef1-0199f1d1c8b7"},{"type":"match","id":"b437ebe4-64f0-49e9-81b9-1a765fb9cfc3"},{"type":"match","id":"a2f0b8a5-f7d1-437f-93ae-8da868a031fa"},{"type":"match","id":"b661ac60-2a4e-407d-a82a-22c65f9f413b"},{"type":"match","id":"97ab7a3c-d904-46fb-978d-a7c88184a521"},{"type":"match","id":"0cba9145-e989-4b5c-9861-457831ee54f5"},{"type":"match","id":"0bd695df-a29a-4714-b569-783e2f80d807"},{"type":"match","id":"e6a980db-5d28-481e-b2ca-3d229d3ecd7d"},{"type":"match","id":"602b572c-e665-4268-b377-c5c859d1cd7f"},{"type":"match","id":"d319c191-4e9f-4113-bc40-2f29eef30f48"},{"type":"match","id":"41eee2d0-527d-4c46-9bda-8284dadcddc3"},{"type":"match","id":"c2bd1d09-f4a5-48ea-8ac6-2c74a29bc3b9"},{"type":"match","id":"e7a75ded-6750-4920-8451-f1a38a45bfea"},{"type":"match","id":"1a915ce0-ed23-4147-b13f-41860edb7614"},{"type":"match","id":"a419db04-4058-4e33-9ab5-9039229a8b19"},{"type":"match","id":"411561da-1668-4aa0-bb83-69760a793f38"},{"type":"match","id":"244261af-3cef-4b42-903a-e717b7edb848"},{"type":"match","id":"825b3b09-a517-4404-af2e-02ba5b94b1ff"},{"type":"match","id":"9cac1031-7ff3-4ce6-bd2b-09572f32f6f3"},{"type":"match","id":"eeb2205c-d372-4fa1-9a89-cfed12a0b247"},{"type":"match","id":"127e1bf7-0e73-4283-9be5-15f3e261f5b8"},{"type":"match","id":"18038575-842f-4fc7-903d-1229e5d10dac"},{"type":"match","id":"ad58590c-9370-405a-98dc-d00e6628cce4"},{"type":"match","id":"574f1ba0-3952-41c9-9fcb-87b360f6c504"},{"type":"match","id":"2d3e7270-ba70-4fbc-a3a0-c70068f86792"},{"type":"match","id":"8bf19a5a-6ec8-44fd-9065-4527ddcf5ecd"},{"type":"match","id":"60a09cc7-f3fa-4efe-8186-707836a0b417"},{"type":"match","id":"3ded4fde-0c41-4bbc-8909-220c20079101"},{"type":"match","id":"f8602827-081a-40b8-82cd-a1a7e5b2268a"},{"type":"match","id":"18697c7a-27e0-4110-89fa-862832a2c761"},{"type":"match","id":"543264b8-a76d-4577-b5dc-85cb75dfd59b"},{"type":"match","id":"d9920f82-2f5c-4361-a32e-5834ef791a0f"},{"type":"match","id":"c8570ffc-432f-402a-b88c-c7af5d4f92fc"},{"type":"match","id":"2ab23a7e-db82-4bad-ae1f-9168c97ac6ff"},{"type":"match","id":"70f6b63e-2f6f-453e-b483-5d4ce55fe0d2"},{"type":"match","id":"6312385e-2670-4d6a-8837-53910abdb950"},{"type":"match","id":"1a8b212f-cb4e-4508-8114-b5d6779efb77"},{"type":"match","id":"a51539f5-6c63-4397-93a8-1f5b72123aaf"},{"type":"match","id":"500a08d0-82c6-46c9-9686-bcda20823c07"},{"type":"match","id":"0fe0bbee-a8bf-4720-a6ff-d73111041879"},{"type":"match","id":"1def61fc-85c4-480c-bc09-1ffc0cec32b0"},{"type":"match","id":"751675f6-c1f0-43f1-8ed7-4b1cabb12d57"},{"type":"match","id":"e0223d30-7e59-4506-ba5c-4695f083c0e2"},{"type":"match","id":"8c6887b4-3a06-4d40-a125-e5d6f31c81ed"},{"type":"match","id":"c29b9f1c-523b-4906-8a5c-b7a50ee29165"},{"type":"match","id":"7e834921-010c-47c9-9162-083cc9021566"},{"type":"match","id":"647c54cc-d205-4093-b28f-0069fdfed414"},{"type":"match","id":"259e11f5-ef4a-4f0a-9a49-9b4ab47ad018"},{"type":"match","id":"11b0e5b5-9743-4fd0-a1f4-0aa17c640ece"},{"type":"match","id":"9171d938-0aa4-4842-b100-ead5b6bb4ec3"},{"type":"match","id":"d221498c-8448-49a0-98f1-e3b1dd99ab14"},{"type":"match","id":"0030fef6-2723-4da0-8d68-202f5fb83c21"},{"type":"match","id":"890450d8-3629-4ea5-9cce-cdfc752be10b"},{"type":"match","id":"9b68e131-e337-4098-9026-79561231ea3c"},{"type":"match","id":"c6bc29cc-9d7b-43c1-8378-1b92b7144fa4"},{"type":"match","id":"9675a7c4-e397-4cc8-871e-6a1744c0c5d5"},{"type":"match","id":"90225e28-4b7b-4286-9b98-ddf361195121"},{"type":"match","id":"39533c95-059f-4f99-870f-5b1d24292889"},{"type":"match","id":"3b679888-2a38-40ab-ade8-56a52128523e"},{"type":"match","id":"8728ba38-9c77-40fb-9a51-5421e9f74b75"},{"type":"match","id":"018bcf76-0f05-475e-9960-09414e9f113e"},{"type":"match","id":"4f50d834-d626-4b8d-a00e-ddf7255ad5b5"},{"type":"match","id":"caa29c1f-dfd7-4a2d-a1c1-744a43425b5c"},{"type":"match","id":"092dc9cc-084a-441b-89eb-20120d1d1a83"},{"type":"match","id":"cf4eb0ee-8582-4fc2-a154-d666c4f48e58"},{"type":"match","id":"f56a80aa-f69f-45f6-a892-4b93e9bf5673"},{"type":"match","id":"66d40092-032d-45f0-b0d5-2d1608765715"},{"type":"match","id":"bae1351c-7416-4a5f-9b1b-9672646c2990"},{"type":"match","id":"07c54799-8274-4ecb-8a71-3d21158915c8"},{"type":"match","id":"064ca00c-3130-4bb0-b166-82e72cfa2ad1"},{"type":"match","id":"e32d87c8-d04a-4569-9f63-ed036cab5202"},{"type":"match","id":"ce0c50eb-8d4a-4510-8f30-6c5488bddd72"},{"type":"match","id":"19dd1282-3674-481e-a548-75f9802623f9"},{"type":"match","id":"d3c47e1a-35ab-46a8-9ca2-6c26a382c64b"},{"type":"match","id":"a35142eb-6887-4d91-b841-800cd341ee58"},{"type":"match","id":"12e57dcf-a5d0-4ece-ac25-7f6ff2f2a41a"},{"type":"match","id":"90fcf2e3-8701-4e20-9a12-f99c4b198421"},{"type":"match","id":"7fefcd0b-1b1b-4f5c-a3da-16ca7231abf5"},{"type":"match","id":"246dc52e-c133-425a-868f-6a436f7aecab"},{"type":"match","id":"005c0181-7193-48cd-b543-f86d5baa139a"},{"type":"match","id":"9d4d603e-80c5-4546-b1c4-5595368952dc"},{"type":"match","id":"bbbe88bf-c0f1-485f-9ad6-6ff6ab3e3ac5"},{"type":"match","id":"3c5fe841-31f7-4468-a1c2-eab681a2dac2"},{"type":"match","id":"11b6ce7b-14aa-4492-93da-1e4e91e8694e"},{"type":"match","id":"d7ed3def-784f-4771-98a6-0c92361b7f45"},{"type":"match","id":"05b31749-84e4-4203-84f7-cc8cb6b7d821"},{"type":"match","id":"5731d648-52b4-420c-a7ad-1b393e1753e2"},{"type":"match","id":"50e15cdd-ef27-425d-9783-22afc3396863"},{"type":"match","id":"fa8e2208-e44d-46d9-a346-b7c8512b6fe9"},{"type":"match","id":"ad3b3414-4132-4ea2-a477-39756c12e71d"},{"type":"match","id":"87393e03-0488-4100-a320-8defcf8eeb4d"},{"type":"match","id":"e52f10da-9cf3-491a-8708-3b50fa86df4f"},{"type":"match","id":"88bd10f8-22d9-4ae9-a664-7209a99b721d"},{"type":"match","id":"7a367931-51f9-47f3-8829-a1c77ee7c888"},{"type":"match","id":"5440792c-d664-4f38-bd36-3ef42b805576"},{"type":"match","id":"ff2c93cb-fce6-4edc-a5b7-d2c20a1f0421"},{"type":"match","id":"7a59aec4-b9be-4741-9630-a61c87e63960"},{"type":"match","id":"56c8ded1-38d1-49c5-a4fe-a81d5649bc05"},{"type":"match","id":"a47f32ee-a34e-44f7-abcd-5099bdb07929"},{"type":"match","id":"e768acca-9c8e-4648-b206-b4f151586236"},{"type":"match","id":"c8c61117-d49a-4ead-b9ff-0478b9c22448"},{"type":"match","id":"28d2a7c2-3b1a-40e3-90d4-35128806ca45"},{"type":"match","id":"7f342505-e958-4250-8667-7109f6315fad"},{"type":"match","id":"c31ea5d5-a520-4f0f-96b3-9544fdc18824"},{"type":"match","id":"fa1a3185-8b8c-4395-ba90-1151892fb514"},{"type":"match","id":"874d0bf5-f9a2-4d03-83b5-c724b098b7b2"},{"type":"match","id":"74fe6e3a-7da2-4584-ae31-5414c7e418ed"},{"type":"match","id":"6ddb4954-1eb8-437b-a624-5cb1dd500cc5"},{"type":"match","id":"a1f43a8a-fed6-4001-9038-9183c5e2f49b"},{"type":"match","id":"aeb4aae5-2834-4ca9-875c-78e319e3e3b7"},{"type":"match","id":"11ac26c5-3b4e-4d0b-89ed-c0ec2173a0e9"},{"type":"match","id":"34db0bbc-5a63-4945-b7b2-ececaa7bf51a"},{"type":"match","id":"91e0fd77-4b64-4798-8201-130164545756"},{"type":"match","id":"f4a135c4-3711-4af5-a4dc-d8737d8d07c0"},{"type":"match","id":"6f965083-2929-4448-9651-12de5575282c"},{"type":"match","id":"ba322777-13c7-4985-a8f0-bb9e4bbd2d69"},{"type":"match","id":"67c25f45-7711-4f17-a7e7-b2edc36907c1"},{"type":"match","id":"2bc650a2-1ac6-4927-995d-349336cbf976"},{"type":"match","id":"3354956c-7fb7-47d1-8545-53f5fc7c3cd1"},{"type":"match","id":"6b517e6f-8fb2-4495-b989-9534c478492a"},{"type":"match","id":"cfb12afa-6218-4cdd-944c-a23626af8952"},{"type":"match","id":"599308e6-6021-4f43-b5e1-2d8ef0026d87"},{"type":"match","id":"c2c62d75-71dd-44ab-bc7e-1ecde3a17f31"},{"type":"match","id":"8131d9b7-5c90-4174-b883-7644ddfd71a8"},{"type":"match","id":"d6d16f9f-511a-4142-b54c-373bb307abd8"},{"type":"match","id":"d3acbfc0-e86d-4618-b292-9bfe204ea75c"},{"type":"match","id":"228ea888-f350-4109-93fb-e2c3a5f47449"},{"type":"match","id":"8016166f-fe9a-48f3-a368-23e4e02e543c"},{"type":"match","id":"47039326-fd22-4ac5-943c-669f99de96ad"},{"type":"match","id":"78c6bd4e-e246-46f5-b91d-8ab11965384c"},{"type":"match","id":"65e4a86a-9ac5-48b6-ac96-5435ab529d51"},{"type":"match","id":"1f0a697b-1752-4ada-b0dd-5584d0beba54"},{"type":"match","id":"682c94ef-d6c6-4750-aafb-a7fcd1961d69"},{"type":"match","id":"d337dbba-4372-4293-a4ce-c88e4ab2628b"},{"type":"match","id":"73263bb1-9bf6-4819-b10e-2620711293cc"},{"type":"match","id":"ded7c59c-6849-4665-a5ce-14d5dcd654fe"},{"type":"match","id":"34b9c67a-bcdd-4cb7-b3ef-59efe0bec6bc"},{"type":"match","id":"c03057f4-2c4d-42a4-b1dd-ec58f7226761"},{"type":"match","id":"fbc11b9e-9267-4ed2-98a1-916427707b96"},{"type":"match","id":"5444cda4-66c1-4f0f-9c66-fa5395b74377"},{"type":"match","id":"2b86a30e-874f-45e4-99df-5cc887d2ba08"},{"type":"match","id":"7a013638-2684-4a8f-bd4b-6a243d039d10"},{"type":"match","id":"b5325957-7f27-4054-9393-dabedcb13f4c"},{"type":"match","id":"0a17daf7-4204-424c-8e5e-949b0d59e9ac"},{"type":"match","id":"33548bfd-c5b9-45da-8e9e-e8f9c724b940"},{"type":"match","id":"93d54b3c-d7d3-4313-a94f-c3232627d280"},{"type":"match","id":"b335a708-24df-4cd4-bb0f-d6c03a1c297c"},{"type":"match","id":"5b01c756-ebbb-41f5-9d3f-227f695f890d"},{"type":"match","id":"7f6aab87-d5e8-48e3-9f56-8e706db19613"},{"type":"match","id":"ee1492ea-c0a7-4a80-9e34-d76ecc1e87bb"},{"type":"match","id":"7de43234-2d16-43f2-90b5-6ceaca3d43b4"},{"type":"match","id":"212184f3-2bc6-4e3a-8e91-2d1940996c07"},{"type":"match","id":"f6c9ef0b-aef4-4b11-bf37-7666e3eba086"},{"type":"match","id":"2191fc13-f115-475a-bb66-7f20b37aca9e"},{"type":"match","id":"a8b6f79e-0e3a-4be0-9685-1c01192e72a2"},{"type":"match","id":"cceec6c3-4bcd-4b5c-b79e-40a40f6c33eb"},{"type":"match","id":"1f6f0d26-c7e1-4482-ad50-be8d3f684656"},{"type":"match","id":"2610ab3e-9c77-4cd4-bcea-30376b468899"},{"type":"match","id":"c56a4a3f-8795-4606-8244-45e678218227"},{"type":"match","id":"9ab80b7b-cd7b-452c-9fd0-c4d920b01988"},{"type":"match","id":"2a026279-e819-4215-973f-6ce426201eb3"},{"type":"match","id":"b2bb880d-a751-4699-a658-7917457266e1"},{"type":"match","id":"eb4aa87b-1310-43cb-bf1d-34129b31e595"},{"type":"match","id":"c24234f0-fe73-463f-bee7-3e7d34acf65c"},{"type":"match","id":"bd5fd7e1-cbe2-42b6-88c6-0507ed31d377"},{"type":"match","id":"32e237bf-22bd-45c2-bcf0-189aadaa9bdb"},{"type":"match","id":"db34b711-3317-4ba4-b991-cf0cce0af3fe"},{"type":"match","id":"9f7d86ab-0cdf-406e-87c1-5f07f628de47"},{"type":"match","id":"e9707c2b-b5a0-4e12-bfd0-4a69f182978e"},{"type":"match","id":"6b949389-1388-4b2c-a818-b54a60699960"},{"type":"match","id":"5aa68e2d-0874-4059-8943-ba843a86ed99"},{"type":"match","id":"b6d974b7-06d8-46ec-9d6c-8587ceed4ff1"},{"type":"match","id":"4fe33ec4-9406-496d-ac0d-ab6a9ecdbcf0"},{"type":"match","id":"56daf042-7e98-4675-aaca-a7038e516fa3"},{"type":"match","id":"e1f3d3f1-8858-4cd6-bfca-2989bc278d12"},{"type":"match","id":"bf582f3f-bc59-46a9-aafe-1c87ac7a2668"},{"type":"match","id":"754e55d7-92d0-45ad-a4f0-13fe392db6de"},{"type":"match","id":"74aabc0f-e6be-480e-ab40-81b6ebcf0283"},{"type":"match","id":"b94ca22e-117c-46d1-99a3-486a4d835699"},{"type":"match","id":"4f5bafaf-fe0d-4e78-9fb3-fc1f39baa368"},{"type":"match","id":"fb245e7e-3634-4745-b035-fd0d63b629b3"},{"type":"match","id":"bd155087-d070-4860-b805-b32b6e9fd310"},{"type":"match","id":"deb53f72-5a53-4461-b3de-18e05a092bf6"},{"type":"match","id":"1ae497d1-3d68-489b-b078-ada4bb88a9c8"},{"type":"match","id":"9afb1572-fd97-4539-b0af-4bab31714fc9"},{"type":"match","id":"3deb124d-74b0-4508-bb6f-998f4e0b4aff"},{"type":"match","id":"ba156993-1453-402b-9dde-bfe0e94a5ded"},{"type":"match","id":"a2522068-8628-43c3-aed8-f9a1151d6669"},{"type":"match","id":"eb91e642-9c90-47ed-a576-52faccd69b91"},{"type":"match","id":"34776bbe-4e04-4de7-aa0f-64ece2e6d6d6"},{"type":"match","id":"2710af57-bd74-45f1-a875-a2d5fbe21985"},{"type":"match","id":"febdfb19-05f1-460b-bd07-f6195bd1f485"},{"type":"match","id":"4e27542e-91e4-4039-8577-13ef3fa511c4"},{"type":"match","id":"e864c3b6-0029-4b80-8b02-ca94a4e1f6ab"},{"type":"match","id":"b1e30a82-f22b-400b-91b8-0df91da56372"},{"type":"match","id":"e55096ec-bed2-4bfb-adc0-82e149a13106"},{"type":"match","id":"f87ef976-7dc2-46df-a318-4e887eee87af"},{"type":"match","id":"73affd67-6d1f-4d01-b93c-d126989fb77a"},{"type":"match","id":"66b99210-1df8-4186-86c4-30653810cfd8"},{"type":"match","id":"ac65af85-488f-458d-94dd-cb5470c80132"},{"type":"match","id":"1612da95-b162-4e3b-9148-9054e82c9573"},{"type":"match","id":"16268e59-e74a-4fe5-a2b0-1da69ca62cf2"},{"type":"match","id":"8c7d850c-a2c0-4733-a898-20639758f76a"},{"type":"match","id":"99efedb5-bbc6-400c-bb31-03f12acbaddb"},{"type":"match","id":"9fccfa18-7b52-4494-8506-979da5832bc5"},{"type":"match","id":"8b4edc8f-3108-47cb-9706-809883d4b708"},{"type":"match","id":"7003813e-361d-4a21-ba6b-e3a1f0eb7a2d"},{"type":"match","id":"fedd1bcc-23a1-42ed-a894-3d857c9e1ce8"},{"type":"match","id":"e9d79a5e-9417-44f8-97d8-8135f303b00a"},{"type":"match","id":"dfdb5d06-3069-459d-9734-e56c678c7b91"},{"type":"match","id":"e33f936d-933a-4dcd-8ed5-c48d686c1de8"},{"type":"match","id":"84c1a3ba-654a-4742-9f07-4980c51e4142"},{"type":"match","id":"29d95f63-8ceb-4990-a3c8-b9b405b87dac"},{"type":"match","id":"312e6bde-a477-4d80-8f2f-722ff48bf10f"},{"type":"match","id":"865be204-2434-4e3c-8510-d356d600fb49"},{"type":"match","id":"78e0c19d-58df-4ef4-af7d-e08506bfaf5c"},{"type":"match","id":"1dc29d5a-49a7-432a-88de-fbf6533efbe6"},{"type":"match","id":"41904ff5-b3c1-48cc-b512-30835ade345e"},{"type":"match","id":"ecdaa62b-2e1d-475b-8522-37b3b500287f"},{"type":"match","id":"0e4a19ee-fae8-422e-bf6f-28d80fbe6d30"},{"type":"match","id":"d4fc1828-46a7-419f-9fea-4561b5c01cee"},{"type":"match","id":"35c465bf-da10-4fc3-870d-1deb46616a38"},{"type":"match","id":"f0096219-7f6c-46c2-970e-36f51f914b0a"},{"type":"match","id":"66b10b0c-14f2-4a06-b03f-d86fbbaf27cf"},{"type":"match","id":"0ae8e466-334d-47d8-82a8-0a6b928e001c"},{"type":"match","id":"2203a750-06ca-4ad0-a4ee-ae42896458a8"},{"type":"match","id":"5f9ffd6b-cf76-4845-80e5-13ebc48875ec"},{"type":"match","id":"30ef81f4-b8e9-45ee-9437-bf036fb045e1"},{"type":"match","id":"7b6331d7-c3f2-4b60-adf5-04620d46ca80"},{"type":"match","id":"d6ee7692-3b0d-442d-af9f-3d86238ef9c8"},{"type":"match","id":"19bfba40-e823-45a2-9513-f6f7568d5665"},{"type":"match","id":"3bf4ef0c-305b-40bd-8f7e-94eafa52961e"},{"type":"match","id":"0c9e39b3-512c-4313-9773-cd1017e7e96d"},{"type":"match","id":"f0707bf2-2507-44b1-956f-f4a005c04437"},{"type":"match","id":"e9639be8-c1b2-423b-a086-64ff974e089b"},{"type":"match","id":"25f7ed22-59b9-468c-b3ca-6ba26793d17d"},{"type":"match","id":"0c6d1166-7051-4ca2-9782-ba01569b4dd7"},{"type":"match","id":"b7d27bc5-68a7-4cf3-913b-37de500069b5"},{"type":"match","id":"962b9f73-1b20-4a0f-9146-a45ae8333524"},{"type":"match","id":"f5e493c3-59cd-45eb-a50a-a2f7301b06ba"},{"type":"match","id":"792197c5-c679-4342-9777-9ee5e0f61a67"},{"type":"match","id":"9b2c84e1-d7cf-4c4c-b180-a63bb9ecc25e"},{"type":"match","id":"43d6a0f3-2cc8-4525-9c1b-642764533f14"},{"type":"match","id":"1a0d6a7e-98a5-4934-b4eb-b1baa63b358d"},{"type":"match","id":"dc14c899-4e3a-42f3-9c0f-583f18b02761"},{"type":"match","id":"47521a33-be61-43a0-99e2-6226e7b90d67"},{"type":"match","id":"3a2868f6-0de4-4ae8-9cd8-4de0d0c71a24"},{"type":"match","id":"525ee4fc-90b8-4f29-8b58-88aea3fb5f59"},{"type":"match","id":"0bc8888a-c483-4a1d-b04a-8f9d9a962f96"},{"type":"match","id":"ab473942-ae6c-4103-ad2a-1e2e8dad646e"},{"type":"match","id":"d89ad17d-6f47-4149-984e-b7a9efba2dff"},{"type":"match","id":"378e3901-df37-43ec-926a-c7b7fea9d812"},{"type":"match","id":"30648dbd-3037-46b8-8ef0-24d400ffadef"},{"type":"match","id":"cb829ca9-ec21-4da0-a32a-0f6ab0ba5dfa"},{"type":"match","id":"ccb1ce12-03e5-4014-9126-1fba19ce0fac"},{"type":"match","id":"3e9dbd9a-2a31-4682-abaa-936d0fca1dd5"},{"type":"match","id":"b6ba36c0-ea91-47ff-86c7-68596f1c0ad7"},{"type":"match","id":"6cf3c274-3982-4e73-aa46-4b998c30a76c"},{"type":"match","id":"c8755b54-a908-4ea8-a20c-f83e47b9efae"},{"type":"match","id":"5f13c111-b348-43f2-97a9-68682498a131"},{"type":"match","id":"4711e334-7d66-47b9-a02a-48bc93d2d021"},{"type":"match","id":"b3249f9b-8786-494d-897e-849871c4ba00"},{"type":"match","id":"ff270629-f61f-4317-9299-232eeaf9d689"},{"type":"match","id":"5ff68c9f-6af0-434a-b6b1-02f24575189f"},{"type":"match","id":"d649d8cb-9a4d-4759-866b-4b2489d61cf8"},{"type":"match","id":"ee890066-c46f-43e2-b599-ccbfb76b5a27"},{"type":"match","id":"2f660a4f-c287-43e5-a451-d3b7820aea83"},{"type":"match","id":"467b1a72-2b9e-4633-993c-0899bdfcec69"},{"type":"match","id":"11d10157-fe00-47f7-a4ea-bf63ad6f9e3a"},{"type":"match","id":"1a84e0f5-54a3-4cfc-a2c4-70455a959063"},{"type":"match","id":"ac7f97b1-c462-47db-a085-f3c411a1d766"},{"type":"match","id":"e64a0438-d5dd-49bc-8091-b6e73db7f60d"},{"type":"match","id":"7002a1ab-7ff6-48db-b621-b86029caf82f"},{"type":"match","id":"1940ca77-686a-413c-982e-2d2d169722cf"},{"type":"match","id":"6ed6defe-5273-40f7-b195-406c50be044e"},{"type":"match","id":"97ffa8c7-df9c-4136-b8e0-e59f3e7d37d5"},{"type":"match","id":"0377f090-29ff-4015-a14e-ec31762fb606"},{"type":"match","id":"6c49b200-55ed-468e-9f41-77737d996886"},{"type":"match","id":"a8a7d917-d1a3-4811-adff-d5a584a175e1"},{"type":"match","id":"8f290a60-65c2-4b90-b2de-d507de0e9225"},{"type":"match","id":"2eff7c80-cb55-4ba3-a4ae-914e9b6b68c7"},{"type":"match","id":"81d613aa-1fb1-42b4-9dc3-2e15eb221771"},{"type":"match","id":"f93c5252-4d8b-4ff9-a47a-7315627d9824"},{"type":"match","id":"7cfc2796-d470-4a7e-b583-de4a81134e90"},{"type":"match","id":"bc559cd2-a57a-4d4e-9890-f0eafb38104e"},{"type":"match","id":"adb92a5f-c8c4-4c89-ab3d-29b75d6fbec1"},{"type":"match","id":"eaf4b09f-5898-4053-abac-5672f8b7aba7"},{"type":"match","id":"494eb3bf-243e-4a6c-87ea-9d213e4714be"},{"type":"match","id":"8513eb12-07f5-4c28-b4b1-340869d25db7"},{"type":"match","id":"29161b98-7a81-421f-82d0-57caeeb16980"},{"type":"match","id":"057d5f9f-7ab1-4b08-93e1-1d484b65c0e1"},{"type":"match","id":"fdbe10f7-b4e7-4575-b937-6e84ec7d3f67"},{"type":"match","id":"18661409-c75f-4ddc-90a2-325acb87aede"},{"type":"match","id":"09e80563-7cdb-4427-933f-5c01179db935"},{"type":"match","id":"8d4002dc-61ea-4a8d-bddb-44abe1bb8174"},{"type":"match","id":"b2528dae-bb1a-4da2-b24a-f06715e74b63"},{"type":"match","id":"1086c1e3-7263-43b1-a275-37675d1f596e"},{"type":"match","id":"89f97467-371f-4230-9888-b84ba4ba18cb"},{"type":"match","id":"7d5d831d-b942-4be4-bf5e-ab59088e73a7"},{"type":"match","id":"404026e2-9b63-45f3-a57f-553096f1b26e"},{"type":"match","id":"a922bb12-1c15-48a3-9fb5-22edf1503051"},{"type":"match","id":"97c49916-8545-4605-a4fa-2fa04e91b40c"},{"type":"match","id":"a4d4f529-3bc4-479e-aa83-40b4294fc6a0"},{"type":"match","id":"a3dc7324-7f06-4154-afd5-243b918264ec"},{"type":"match","id":"914e5922-c4dd-4bf2-a446-63262fb3aded"},{"type":"match","id":"134a88c2-17e8-4bfd-87cc-289bc7f03e39"},{"type":"match","id":"ba67af25-bd7f-46b3-a037-349615214029"},{"type":"match","id":"fc625905-641a-49d3-93bb-2c958a6cc5e8"},{"type":"match","id":"3c046546-d37e-4377-b51b-2dabc6746738"},{"type":"match","id":"6f38e5d5-baeb-491e-9baf-def0ca026fe1"},{"type":"match","id":"65eb92ab-aeba-453f-b7be-2b1b1415e1da"},{"type":"match","id":"3d7076d4-c870-45ee-b174-dda4839f9b03"},{"type":"match","id":"c17edb2a-495b-4410-84cf-61fc4badd71a"},{"type":"match","id":"f2967a51-c90f-415a-8a15-1374eea50d6e"},{"type":"match","id":"828a58da-40e1-43a1-817a-79b08a6b485f"},{"type":"match","id":"0e142694-f5e5-4413-b1b3-d92c7a498555"},{"type":"match","id":"c032ab78-b566-4a87-8830-865ad6e654a4"},{"type":"match","id":"4c7ce4d3-6a3b-48d0-a492-1a9b5697dec8"},{"type":"match","id":"41d04e86-6ea6-4e17-b9dc-2d73b16a536b"},{"type":"match","id":"66cb8b2f-ee34-4311-812c-3d190a4eadf7"},{"type":"match","id":"d98fc5c4-d654-4b3e-b617-125617d35dbb"},{"type":"match","id":"044bc4fd-eeba-474b-b59b-0e5d5b3d4e09"},{"type":"match","id":"3eb8af1b-8051-493e-aa60-9691da60e3c1"},{"type":"match","id":"f71f85b0-312d-49c3-ab81-8a7b68595b03"},{"type":"match","id":"e854df03-84b8-4169-8e84-9a8ae4642a42"},{"type":"match","id":"10c0410b-cccb-4a72-aa9e-4f79aace57cc"},{"type":"match","id":"173820f1-f17e-4922-971a-eb7977381185"},{"type":"match","id":"4b6690f8-19f0-453b-8be0-2518f6e58492"},{"type":"match","id":"fcb9ff9b-858d-41a8-aa7c-40fd962bc6f0"},{"type":"match","id":"b02e730f-5d89-4576-a2ae-d702bbe6bf36"},{"type":"match","id":"94ed8123-5223-4944-a977-7e9c6aa3cdac"},{"type":"match","id":"bd7bc2d8-8e87-4d1d-8582-6b3a31abc3b8"},{"type":"match","id":"9a4db1fb-3680-4043-a581-1e52699041f9"},{"type":"match","id":"2ca84d30-ef62-4869-acbc-a60afb012597"},{"type":"match","id":"83f77bed-dba2-4b95-8176-75078f7d6a50"},{"type":"match","id":"8ce6470e-179b-40e6-a1a9-8c29ce4160c3"},{"type":"match","id":"d6e2f84f-f6c7-4096-b7c9-9452affad083"},{"type":"match","id":"f3f17ce3-93e9-4ee6-b5d1-6d24100bbf52"},{"type":"match","id":"ca9a42d0-341d-49da-9c04-00391bd4f9c0"},{"type":"match","id":"53fa7fbf-2895-41ea-8539-160f2794f38b"},{"type":"match","id":"ac958a84-27b2-46a7-8904-1959a786bf13"},{"type":"match","id":"594dae35-925f-4ce0-ab30-9d172ae0f69c"},{"type":"match","id":"ce9311bb-494a-409c-8035-680534452d1c"},{"type":"match","id":"ad3ba37f-1cc2-4735-a82e-0e9105e5e552"},{"type":"match","id":"59cc62a5-f514-47cb-81c6-c66a6beb04bc"},{"type":"match","id":"1f562e4d-32ea-4771-96f8-1e6970bff54b"},{"type":"match","id":"995bf18e-3f09-49f1-b284-7cceda393b23"},{"type":"match","id":"2d96bd5a-628f-4a0d-807e-df7a6291486d"},{"type":"match","id":"07f84c22-2185-4701-a92a-7e60a2d66afa"},{"type":"match","id":"d01089b5-710e-4f73-b86c-431b248b0ecd"},{"type":"match","id":"5d24cc4b-5b5f-48ac-a455-97e912d53a15"},{"type":"match","id":"7d94fb49-7b1b-4ca7-8f4f-ef7d0257e623"},{"type":"match","id":"f1eb0307-7ddb-42e3-8f31-6ebfdd98502f"},{"type":"match","id":"afe8c31a-bff2-48b6-9f0a-71860afce287"},{"type":"match","id":"babaf697-b660-4ae5-a7c5-02f23e5b2777"},{"type":"match","id":"43c853e9-aa93-47f7-97af-1ae916bd45f6"},{"type":"match","id":"54698391-223e-4c4d-b9f5-b03d86d9c811"},{"type":"match","id":"4c1ad1e0-436e-409a-aee4-8b9c55fbb8e5"},{"type":"match","id":"5a9aa1c7-1a09-45b1-9352-1c84bfe7caa9"},{"type":"match","id":"aea6bace-1f1c-46b4-8a72-1ddffa96789d"},{"type":"match","id":"7fbf437f-35d2-49ae-baef-ad7ddf92bcb9"},{"type":"match","id":"6890001f-7ab6-475b-9586-d8477823e967"},{"type":"match","id":"d0352077-3dbf-48e0-91f1-e956ea4b5de8"},{"type":"match","id":"bced97c4-722a-4953-842a-f4d2c7e7ce23"},{"type":"match","id":"ba7303f9-6b8f-451c-bd99-58a61ccd3a29"},{"type":"match","id":"0275cdb2-a7b4-4acf-9add-331f9d3224a0"},{"type":"match","id":"3ca979e7-249d-4f42-b847-f4c74129ed23"},{"type":"match","id":"33778bfd-b667-46c2-9287-703deae70c72"},{"type":"match","id":"b12e3bcd-806c-4eb4-b81f-9498f83c5b48"},{"type":"match","id":"bfab769c-5b7c-4406-b066-b7fc694e8feb"},{"type":"match","id":"66b90b98-4948-421a-99f5-de2dfe41e726"},{"type":"match","id":"ef7cf085-a84e-4b4a-ad08-4a2fa85dad7d"},{"type":"match","id":"7e95a801-d319-44f9-91e4-4507b6d722a5"},{"type":"match","id":"4a1e0a0b-c8f3-4cd5-a25e-d709b1964f7a"},{"type":"match","id":"d0bfd7ae-f4d5-4d61-9aa8-992e41731dd0"},{"type":"match","id":"2a39da98-4991-44f9-bf3e-1878e0367dbc"},{"type":"match","id":"9af1f01e-698e-4087-8a3d-7a9301cc15b3"},{"type":"match","id":"c2f9e752-fec9-46ce-9683-26abdb61521b"},{"type":"match","id":"8993f909-5f47-4e53-bb83-a2d1ebf3eb4a"},{"type":"match","id":"5aae6283-61a1-44c5-8a85-9e12a9207804"},{"type":"match","id":"789e6dc0-a349-48e6-bba6-243dc96c8528"},{"type":"match","id":"7e457896-689b-4bf2-a728-d2b9993b7bb2"},{"type":"match","id":"b53d6206-03d0-4302-b4bc-3bf42e4690c6"},{"type":"match","id":"f192a909-186a-47b6-b560-d0263a64e682"},{"type":"match","id":"a5b41861-f52f-4054-b7bb-16bc03ca9c80"},{"type":"match","id":"c1781dd8-f854-4f01-93f0-06d652381a38"},{"type":"match","id":"2298a54d-f344-48c4-99b7-f20c58a16044"},{"type":"match","id":"8d552fdb-cfeb-475e-8bc7-23e5ff127d46"},{"type":"match","id":"b115a705-33c7-430b-89db-a5f79e374900"},{"type":"match","id":"a6a34d71-51c6-45c7-88c8-55c8ac985907"},{"type":"match","id":"08a3994e-ddf3-4c91-b3d9-d6639d3311cf"},{"type":"match","id":"69062bc4-6ce5-46cd-9b54-78d05a0362d1"},{"type":"match","id":"c0cac449-54d5-4839-82a7-e7aaee45d4d3"},{"type":"match","id":"9fcf7ed9-fe84-47e8-82f4-b82557a9221c"},{"type":"match","id":"3547b6d1-2431-44d3-b932-5fa768010aa7"},{"type":"match","id":"b11ebac0-9f25-43a4-8c75-cc99bf5ad8cc"},{"type":"match","id":"4fb82953-0c01-4dd7-9919-be011475d525"},{"type":"match","id":"615c15ac-5eb5-44ae-a46f-dd85c537dfe6"},{"type":"match","id":"832c4e05-b2f3-48c9-9dc6-9405b6b2a546"},{"type":"match","id":"84e03216-db88-4782-a8f8-a34773b5b77e"},{"type":"match","id":"20fe6fea-2a35-4536-899f-f16559141fd7"},{"type":"match","id":"b184f735-aa9d-449b-bbf9-e1a14cf14c26"},{"type":"match","id":"e1d201b0-95b0-468e-a542-d4fa5deef64e"}]