[{"type":"match","id":"8e9db74f-687c-47cd-9ae1-5d873919467d"},{"type":"match","id":"8f785816-0adf-4b16-b9b1-96cc46bd8531"},{"type":"match","id":"c0098329-26f3-4c35-8f8b-f6c5e5e19ea0"},{"type":"match","id":"59ebd8a8-ff84-424c-9798-27b9de8022f9"},{"type":"match","id":"eb99e17e-905c-4e46-bab3-86a115fbb736"},{"type":"match","id":"b606c87c-e08f-40d5-a849-5a97012a1543"},{"type":"match","id":"805cccae-921a-4abc-9b1d-b15988049f53"},{"type":"match","id":"476a3d00-92ef-427e-b304-7f8cb89e5953"},{"type":"match","id":"15a499ea-e8a3-4cd7-9000-99429ebf1343"},{"type":"match","id":"c702f237-1b7a-415f-8006-b85704f4122b"},{"type":"match","id":"4cb4d47e-d87f-4110-8009-c1e3dcd20a60"},{"type":"match","id":"f8114590-ee7e-4b99-871c-a7ddfbcf314a"},{"type":"match","id":"2ba7282d-65cf-4f3f-b52e-a9e6c157f174"},{"type":"match","id":"c9388941-2c67-4c6c-bfb3-3f053e246bcb"},{"type":"match","id":"f3151770-1632-4cd8-95d8-8bfdffeeba9c"},{"type":"match","id":"a91ae547-f2f2-4ff9-8825-8f11467ee679"},{"type":"match","id":"727edb99-3198-4e51-ae05-1ab7a4a527ba"},{"type":"match","id":"1e7bf4d8-11ea-46d7-b041-8c6ee83bb485"},{"type":"match","id":"da22deea-de08-4cb9-aed3-873ba40fffbc"},{"type":"match","id":"b1d69a11-255f-4a6b-81eb-cc77e26ec6d4"},{"type":"match","id":"b0bf0e24-31fa-4d05-a4d3-a6f10607c34c"},{"type":"match","id":"285523dd-90cf-4284-b3e7-48880d99d617"},{"type":"match","id":"db2e311f-4ae1-4731-91e2-456b42eb6ec9"},{"type":"match","id":"1d243b78-6825-4413-99de-8316e058713a"},{"type":"match","id":"8fb5b6c6-8474-49f0-97c3-303af736df8e"},{"type":"match","id":"eec4b235-6501-4d4a-a8c1-539b843ad665"},{"type":"match","id":"5c5cea8f-b0f2-499d-aabe-8b285779160f"},{"type":"match","id":"940e1ad7-6734-4005-92cc-f0bf8c0c56d5"},{"type":"match","id":"4a732305-7b9e-41e0-b833-35230a2a95df"},{"type":"match","id":"0d1d6646-8cc0-43f5-a203-d88545083d9c"},{"type":"match","id":"cc0fe5dd-d676-46e1-b425-8b4f2f106151"},{"type":"match","id":"210b59d0-0904-406d-980a-cb90c6b28ffc"},{"type":"match","id":"bd89bc4e-d6bd-40f1-8afa-d3472c57fd8e"},{"type":"match","id":"254147dc-7290-4a8a-91a2-d03e43f43927"},{"type":"match","id":"6745b08e-0dc3-4e2f-aef3-e8bdc4a3e9d8"},{"type":"match","id":"4c319bde-6ba3-42cc-8534-ca8f59cd5ecb"},{"type":"match","id":"08680ee2-d693-496c-8e3f-90129ede7376"},{"type":"match","id":"055245b3-2197-484f-822a-487816b8f628"},{"type":"match","id":"fcb7c1b2-5a7b-4f77-8b19-4dd139d1ee16"},{"type":"match","id":"266ce14a-2d14-4760-b22c-92146cc2ea25"},{"type":"match","id":"ef730720-4532-4a38-bfcc-375debe63f24"},{"type":"match","id":"f1d2d182-08c1-44af-ae3c-dd761718c62e"},{"type":"match","id":"d8cb82e5-0cf8-481f-b0d3-1d19b4b9d3bd"},{"type":"match","id":"b3d1c87e-8915-4d23-a0e6-41f0d483c8a7"},{"type":"match","id":"9c9a7e44-a913-472d-83d4-40a2b7129f39"},{"type":"match","id":"65e82889-b83c-411d-9331-528eff331418"},{"type":"match","id":"394c97e5-958b-481a-be7f-4f0556966b9f"},{"type":"match","id":"b96a838d-8d73-4930-897e-3a73cca9e7dd"},{"type":"match","id":"efbd14a9-2c60-4fc1-be26-06ce05d8fc03"},{"type":"match","id":"fe3380b0-8c64-4400-bfe8-5a8f35edc383"},{"type":"match","id":"a60e1c52-1254-42c7-bfa1-530bb683cbf3"},{"type":"match","id":"500212d7-a082-4424-9067-4f50f1c45ac3"},{"type":"match","id":"7da95b29-11a6-4bca-9b20-eec87ff00532"},{"type":"match","id":"84d605e5-9673-422f-b5af-feca72cc9c65"},{"type":"match","id":"12d729fd-8fee-458b-933a-c3b44fbc79c1"},{"type":"match","id":"4e7edb8e-7be5-4235-a5ec-9be3d9031054"},{"type":"match","id":"00309e79-6e0f-42e0-aa61-406c9d7a1baf"},{"type":"match","id":"cb0f05b4-c4d3-42fa-b646-dbf25810cc10"},{"type":"match","id":"f5f3c3ce-7d6b-45fe-b3bd-68a0b4819600"},{"type":"match","id":"91bf9016-5a3c-48fe-9f68-24c29a17f898"},{"type":"match","id":"ecb8a016-bbd3-4f04-bb22-80adf4082c6a"},{"type":"match","id":"0d13abf3-5c61-4db6-9e25-472b7d4be108"},{"type":"match","id":"e5059613-2571-4710-b632-db662a42d4c1"},{"type":"match","id":"5829f0c2-14a7-4024-95f4-2722a1be2a4d"},{"type":"match","id":"1ff9bc04-cbab-428f-aba9-94a838f7ae33"},{"type":"match","id":"07f5c8c6-a53c-46df-b914-8b9d22ba4b3d"},{"type":"match","id":"15f6240d-a3b7-42ad-b247-ade395bcb0e0"},{"type":"match","id":"24408a05-f2cf-4da5-bb29-c80f3fffb8aa"},{"type":"match","id":"735f93eb-3daf-4754-949c-5c50fc9fac06"},{"type":"match","id":"02f9ce85-23fc-445e-bbdf-8235b07d61d7"},{"type":"match","id":"b9e82752-4231-4db8-9b8e-7fb8af8b78ef"},{"type":"match","id":"7c5704e6-7f58-4335-8f0e-2de271fc8166"},{"type":"match","id":"7a5b94a6-d358-489b-b0fc-5da7d46614e5"},{"type":"match","id":"9f4113c6-5c3d-46b6-9917-105b1909acda"},{"type":"match","id":"1bbfbc72-1796-45e2-8339-20886fa4ea37"},{"type":"match","id":"f1b00bec-133e-40c6-8d75-6bdeca1ef334"},{"type":"match","id":"d1c14eee-76a4-4c62-a165-2eaa64fb7088"},{"type":"match","id":"1364864f-c19e-4206-9541-128bb5b7e9c5"},{"type":"match","id":"379b36f4-8bf3-4041-ab97-6869a5f49610"},{"type":"match","id":"97ee8def-c542-4e1f-97e0-c49eba6f44cf"},{"type":"match","id":"5b81f50a-c3ef-4092-b17c-7274a101ea5a"},{"type":"match","id":"3dfda8a8-02c1-49fc-b575-e6b461269934"},{"type":"match","id":"fa25da4a-1243-423f-bbd7-69a8125ab583"},{"type":"match","id":"c965b026-3ffc-49e6-aa68-bd4aa44e109b"},{"type":"match","id":"7bae7362-5d02-4da3-bb3f-d7b7a68af2d4"},{"type":"match","id":"4915311e-6cf5-4eba-9dce-2996afcfe1ab"},{"type":"match","id":"df3d3f3a-ef2d-470c-a800-781c80cba2e2"},{"type":"match","id":"7d8b7a9a-d06e-4661-b795-2012461c67aa"},{"type":"match","id":"39fd6ce8-59b4-4809-9754-1e084a4dd038"},{"type":"match","id":"6fd0e482-1695-440c-9e32-16bdb90aa7c4"},{"type":"match","id":"49f6af28-ede6-4bc3-8297-cda5faed9f88"},{"type":"match","id":"967ea1a9-56e9-4ac9-b686-a8dd266fc237"},{"type":"match","id":"2c9bfd96-82c2-4cbf-a835-fcb82ab9a342"},{"type":"match","id":"6bc08e84-4113-46fb-8b64-7bcae6d01ecb"},{"type":"match","id":"98ba491d-c788-4b00-9d7e-f99276962c05"},{"type":"match","id":"430b07e3-da75-4bc1-8029-fd1d86cc905b"},{"type":"match","id":"6ca62003-da98-4489-a504-2cfa5f4f7481"},{"type":"match","id":"a0d9f574-af02-430d-8664-abc3a8206f67"},{"type":"match","id":"6a362829-5afc-4e8e-8709-81374698de03"},{"type":"match","id":"28066cf0-002b-4298-8936-1f0efd6e432f"},{"type":"match","id":"62f4a0d9-dcf4-4ace-b459-50745f0956cc"},{"type":"match","id":"baceb231-b585-4449-a6f1-3cfbc3dcf524"},{"type":"match","id":"38044901-f223-4c39-99d6-7c93d1117982"},{"type":"match","id":"69d8492c-f471-433c-a0d4-a4a7f0d90162"},{"type":"match","id":"59d38289-d7a1-4a81-8eb5-26376a28f248"},{"type":"match","id":"50468511-ce4d-4d02-b1a3-daf4838e801f"},{"type":"match","id":"36f18aaf-4c02-440c-88fb-b420b35c2a52"},{"type":"match","id":"885901de-d701-4eef-a1e8-823fa3ae8523"},{"type":"match","id":"9eb93ceb-8e34-4b0d-be15-a6b70422a748"},{"type":"match","id":"43bf56aa-5365-4b24-8068-662435e602f8"},{"type":"match","id":"30a9b943-fded-4cc7-9db3-25bcb2f10c41"},{"type":"match","id":"b20e902f-e10b-441a-bfe9-db7bd83e7c27"},{"type":"match","id":"40222685-0dc6-442f-93f6-b66644d8a96c"},{"type":"match","id":"af506432-5aab-421f-be29-1e24a67b5a4b"},{"type":"match","id":"03ce2895-4f39-4c37-a032-b38429c96d8f"},{"type":"match","id":"691202a0-7ea6-4b0e-bc04-f7aec5b93b56"},{"type":"match","id":"46d034d4-f878-4115-aa3d-3fc29c498d0c"},{"type":"match","id":"4326aef6-ba5f-4549-9500-ca3ee4357ab0"},{"type":"match","id":"5b1f80a2-d30d-44dc-a939-01d3eb5f1340"},{"type":"match","id":"9d552ea5-d503-497d-a62f-08d14b41b868"},{"type":"match","id":"52439c7b-7aa6-41ed-9efb-a254f3744c1d"},{"type":"match","id":"af4d6607-60b3-417f-aa50-33e7cac5d476"},{"type":"match","id":"57ff5043-7257-468b-90b3-906909ec7cb5"},{"type":"match","id":"1d93c7d9-ccbb-430d-ad2a-4cc7816df5c3"},{"type":"match","id":"988f6acd-e484-487a-8eea-78c1ec828e08"},{"type":"match","id":"96c0034c-f8f9-4ea4-a3a2-0745bc0af2ff"},{"type":"match","id":"be815914-121b-4453-b507-52bb42920f47"},{"type":"match","id":"9df41505-900f-4df3-a758-baba6ed62f11"},{"type":"match","id":"34724eec-e996-44f4-aa82-5ee6ded82fd1"},{"type":"match","id":"d82e4cb7-41e1-412e-a670-73dae1b45555"},{"type":"match","id":"94480c31-7b29-4da4-b476-7ad9553d9b89"},{"type":"match","id":"bd9b2a99-0af1-4d21-99d6-f233db080ac8"},{"type":"match","id":"ca95e42e-d4c9-43b9-8472-8e45669037b7"},{"type":"match","id":"c20eee20-dc56-4fbb-9b64-73f63a35e1e8"},{"type":"match","id":"e7e55793-9019-4ec2-8fdf-bdc975b198b3"},{"type":"match","id":"40eef524-5d57-42c9-8481-08a18d1a01db"},{"type":"match","id":"fd3e03f3-252f-407b-aca7-75b6b7e5a916"},{"type":"match","id":"d02c473f-a470-4571-b5ac-d162c3b3c20d"},{"type":"match","id":"f6979339-772c-46be-a049-54d81c9afbc6"},{"type":"match","id":"19c31220-cdff-40fd-b16d-687a6bca1ffa"},{"type":"match","id":"b0269026-7a7f-49c0-9eb5-34d5ee958245"},{"type":"match","id":"86719bd7-4a0d-4448-a9de-43d2d7678b7e"},{"type":"match","id":"474d56af-1773-4440-b364-b5c742365d0c"},{"type":"match","id":"ccec1322-67ab-42e2-8a30-e5f21db4a22d"},{"type":"match","id":"bb2bc6b5-8604-4877-96d4-8e5981820899"},{"type":"match","id":"84d8b175-01e2-4018-9790-edbc5aa7a389"},{"type":"match","id":"edeadcfd-0c2e-44a5-9341-05f6e19c0539"},{"type":"match","id":"e5f18095-da54-404b-a362-82fcff81d606"},{"type":"match","id":"e21f5557-9d88-4be3-a4ef-04d6065ac9ea"},{"type":"match","id":"22cdde76-650f-4d95-90f3-1edd2795e497"},{"type":"match","id":"26c45b45-a6af-452a-8eca-2ca28ebb82c9"},{"type":"match","id":"2a65b817-fc55-41e7-9bdd-1cbacf85df34"},{"type":"match","id":"657d9afb-133c-47df-a802-59beb83de62c"},{"type":"match","id":"b1aa2b3c-a1ba-4b36-9f34-eb78698db1d1"},{"type":"match","id":"77336892-c5be-4514-9dfe-1ce2be008464"},{"type":"match","id":"43197d7a-e71b-4372-bf57-8e9915f06242"},{"type":"match","id":"981a6efb-27be-4079-9642-935a5670920a"},{"type":"match","id":"fcb3dd59-5890-4059-8a96-d19d9bea51d8"},{"type":"match","id":"496c024e-a827-4f4f-af8d-8074e7103e64"},{"type":"match","id":"8a214a81-7e41-4704-b8be-86f909602a9f"},{"type":"match","id":"d2357ccb-888e-4321-b58a-507b49adac51"},{"type":"match","id":"39fb6497-3e8c-499b-964f-a5e8eff9b907"},{"type":"match","id":"2fd4303e-d29e-4250-98b5-31d72f543123"},{"type":"match","id":"16e62927-86a4-49c9-b87b-1c875c8386ee"},{"type":"match","id":"c3ee1466-8c7f-4879-ac88-e76967844f70"},{"type":"match","id":"638922c3-24bd-4e7e-b3e5-feb447e8c63a"},{"type":"match","id":"12032e11-8306-4e28-89bb-f85be7c46465"},{"type":"match","id":"efb73213-2e0e-49ed-9bf5-7cb94a773923"},{"type":"match","id":"f20a9147-9113-47f9-9d19-a7a2e3d46d3a"},{"type":"match","id":"02b44619-4f62-4aa0-b2c7-cff019799618"},{"type":"match","id":"0ff99f2e-439b-48fb-b173-8e250cc376b5"},{"type":"match","id":"aaeb3930-7e73-4bf9-8ef2-d692003946cd"},{"type":"match","id":"106120a7-0a80-4b91-a073-4393930e0702"},{"type":"match","id":"d601c5bb-7955-4fcf-86a0-9fbe1df5063c"},{"type":"match","id":"aed1ebed-e0b5-492c-8ccd-603679773257"},{"type":"match","id":"00ee6d44-07a9-434e-84c8-36d0f3e14470"},{"type":"match","id":"1401eb6d-0e73-45be-948c-21ca5f157363"},{"type":"match","id":"9da0b39c-6c6a-44a5-ae27-3405c97cf780"},{"type":"match","id":"c30d6574-a41f-42cb-bcbb-1b1762205ba9"},{"type":"match","id":"ab2c2c55-86b9-47de-bfa5-58204510dee8"},{"type":"match","id":"48889a2b-eb6c-40c4-a092-3f37061f04c2"},{"type":"match","id":"cd7312bf-2a0a-4c99-bc7b-c65ce099746c"},{"type":"match","id":"92fcd778-b0fb-4234-879f-baa5c6d4ab46"},{"type":"match","id":"4ab248d9-88a9-4ec7-bf8a-2961bfee3b6d"},{"type":"match","id":"b6328834-86fa-41e4-881b-7e6498a926f1"},{"type":"match","id":"162a355e-be2c-46cf-a025-b281b63e3625"},{"type":"match","id":"4b5e9433-262e-4cc7-9688-a55093701246"},{"type":"match","id":"a0504f6f-5e22-4678-b795-18d99ccdf1e0"},{"type":"match","id":"1c687baf-c6ab-4109-a68c-a0368b4cf3a2"},{"type":"match","id":"2dafc7bf-528c-4618-b98d-5f58209f4376"},{"type":"match","id":"870c0e96-a173-4731-b5c0-b479e6fe0fbf"},{"type":"match","id":"d0dfabc7-4c4c-4266-a507-544e3bffc68b"},{"type":"match","id":"ca523199-e63b-4451-b2bf-7f4b071173a2"},{"type":"match","id":"63dd6a92-a703-409e-859f-166218a1adfa"},{"type":"match","id":"7bfe8e75-c554-425a-a40b-01fce1ef6370"},{"type":"match","id":"a8d6e3c3-4166-4023-88e5-b4c945639854"},{"type":"match","id":"1533aee0-6a56-4cce-bfe4-2e7a08deaa96"},{"type":"match","id":"70aee413-12c4-4bcf-a3e3-f88846424fff"},{"type":"match","id":"e8fac5d3-72c4-42fd-8ba4-2cc4e97d2a46"},{"type":"match","id":"f2f19a1f-70b1-4b2a-a9bb-c10763cb75a4"},{"type":"match","id":"96f92035-647b-417e-ba70-4fd710bf9112"},{"type":"match","id":"15c31675-ee3f-4b0c-9a67-183e6d2e8b03"},{"type":"match","id":"89eaff49-5588-424a-abb5-45e92f10fa67"},{"type":"match","id":"811998f3-2415-4ffa-9445-74d2cb0b93ba"},{"type":"match","id":"84e52df1-bd3e-4844-915d-7dc14673b879"},{"type":"match","id":"ab2d6fbd-3180-4907-8817-c3519069e17d"},{"type":"match","id":"8d43f7a6-7a9e-4d10-93e3-29494b3a001f"},{"type":"match","id":"35e2e04c-c898-47d0-be50-497fa9457198"},{"type":"match","id":"6514debf-ac8a-4d49-88d8-2d6b4ed4ac44"},{"type":"match","id":"7b5ce4ea-d149-4ce2-baad-3c094fb55c91"},{"type":"match","id":"0af19067-fe8e-4892-95aa-30de7a2c4829"},{"type":"match","id":"ff3f6b9f-936b-461e-b2d7-a62ea7f2330e"},{"type":"match","id":"52b73d94-dcc9-4ef7-80c4-226a66bab134"},{"type":"match","id":"64842bb1-cce8-4dd9-8dd9-5cc2eab8b36f"},{"type":"match","id":"874765f3-4f3a-4f41-beed-05de6134c291"},{"type":"match","id":"4652f49b-3032-42f8-a4fb-ffb926b9aeb5"},{"type":"match","id":"462aac3b-f02c-4a05-a6b5-8912f5c07cae"},{"type":"match","id":"2ef4dfd7-9edd-4c04-b7f5-de8959084a54"},{"type":"match","id":"67978f43-976e-47ca-b965-2ead49a25de3"},{"type":"match","id":"2613cae3-856d-4c52-b2e5-23c57cfea445"},{"type":"match","id":"b1cdb7c6-b8a1-472e-9683-1ac51510199e"},{"type":"match","id":"22b55c58-bf10-4359-9901-52c0175f352b"},{"type":"match","id":"9490a831-4d91-4a9d-90ba-9509a8f0b8a2"},{"type":"match","id":"49e2a2da-d413-4421-9505-817f81526e84"},{"type":"match","id":"495c292f-8772-4173-b102-d03710dfcd9b"},{"type":"match","id":"7746dca5-42ba-48dc-b721-d35d2b3f4df5"},{"type":"match","id":"410638c8-5969-4b84-8c1e-f45460060739"},{"type":"match","id":"08869354-465b-4c6b-8657-9b0294a2533f"},{"type":"match","id":"aad1ada5-89e8-42cb-969f-8a1ca28330c4"},{"type":"match","id":"ef766869-0a6e-47c4-acb3-d370e21d4092"},{"type":"match","id":"b4b0f469-35de-4283-9d41-05dab18156b3"},{"type":"match","id":"e00e45d4-0cda-4ccb-b163-8e5c5fd53e79"},{"type":"match","id":"545b5282-d624-4be9-9c99-3d3ae9b6ed9e"},{"type":"match","id":"d6eea4dc-a08f-4d05-9d40-34b2aff04215"},{"type":"match","id":"75043822-1d77-4741-9cd9-bd851f0ad4cc"},{"type":"match","id":"ee35a64f-c928-487e-a626-e16a75ce536d"},{"type":"match","id":"82cf6673-1d12-41f9-a374-03c93e86eb3e"},{"type":"match","id":"faa3f4f9-c644-4b46-a6b8-26bffa695be3"},{"type":"match","id":"d494fa6b-fcbf-4bb7-a569-64bcc8b7d4a9"},{"type":"match","id":"4da97455-e0b2-4e5a-b661-16c7315b5a8c"},{"type":"match","id":"78b8be1b-7266-454f-8bb7-3f18468ad2a3"},{"type":"match","id":"0364525a-3983-4da6-959f-98232109cf8f"},{"type":"match","id":"e770755f-71f3-4e8b-8be4-af4f1b69e106"},{"type":"match","id":"5803ae45-0bef-45c6-bc1c-c88f3e64019a"},{"type":"match","id":"cab6f7eb-4de2-4537-a943-5e9e2112630d"},{"type":"match","id":"d30b84f5-a432-492e-aa81-1bef13e44b24"},{"type":"match","id":"c6d12147-e728-4c0b-a6df-007c02390b48"},{"type":"match","id":"bd8516ec-9e8b-4ffb-ae28-e66777117900"},{"type":"match","id":"cfebb6bf-2b76-44c5-abbc-1e0f280033c5"},{"type":"match","id":"a938f7f1-d660-40fb-a829-e867f388af0b"},{"type":"match","id":"b906c38e-6d50-4c0e-96c2-e4a2978bf9b0"},{"type":"match","id":"315b0b79-48d6-408c-a5d0-c4f813eb0c54"},{"type":"match","id":"1b147656-e111-4dfa-b8c8-63fd8a760d21"},{"type":"match","id":"7a98634f-8df3-4a61-89e9-d9b92ba38cdd"},{"type":"match","id":"0f885d64-632c-4cf3-b0eb-7b230b17fdc6"},{"type":"match","id":"b909af41-24a7-4c7a-9748-8c662606a9be"},{"type":"match","id":"12bcf4d2-da2f-42bd-abd6-e587dcc09682"},{"type":"match","id":"29dfb62a-b939-48e7-b8d8-e187a7f2da11"},{"type":"match","id":"e9531dfa-b641-4345-88a9-e4b07533aab4"},{"type":"match","id":"0232288a-56d6-4a02-9d02-ed493aa3f0ab"},{"type":"match","id":"84f4e1b5-c9af-4fc2-b5bc-da73b1b62cf3"},{"type":"match","id":"12b6d289-aeed-474b-8891-1b794588322e"},{"type":"match","id":"95963728-a38e-4a72-92aa-b0854c4a5bab"},{"type":"match","id":"896f27ed-a082-4516-b106-767f5c023909"},{"type":"match","id":"75031201-1208-4ea8-8a1d-ba5e511047cc"},{"type":"match","id":"8987b346-1870-4c69-8e06-11e7461d7480"},{"type":"match","id":"b16e2e1d-a567-435b-ab63-0e172bba3ecd"},{"type":"match","id":"d30effd8-a7fa-4ad4-abac-aad9eb0b755a"},{"type":"match","id":"73fc62eb-e353-4185-ab30-00dc965d35b1"},{"type":"match","id":"cf8d2268-f67c-49ce-8fd0-ff0cc9da7c50"},{"type":"match","id":"1920ed9b-96af-4761-b22b-459eaf667fe0"},{"type":"match","id":"aec18ddd-603d-49cc-80ff-d2d1bc062115"},{"type":"match","id":"4cacc185-adea-4d59-9977-9b54daf8462b"},{"type":"match","id":"9e09245f-eb32-4a2a-8f4a-5d2df98c1296"},{"type":"match","id":"d2c8e0c0-bd8a-4cec-956d-c530c2fa29c9"},{"type":"match","id":"fb244450-3b16-4f8d-a877-13602dee11bc"},{"type":"match","id":"683505f1-2080-4815-95d3-3cce915da075"},{"type":"match","id":"7b96ce15-2848-4512-a321-c704900fa376"},{"type":"match","id":"d7ab90db-943a-4d5a-a526-a16abc6301aa"},{"type":"match","id":"cbad6bd1-f679-4e63-abd4-9642ed409620"},{"type":"match","id":"1340f760-b6f6-4727-9ca2-1d21cb5a7e7b"},{"type":"match","id":"b4597916-2120-4164-bad1-77dde02b8944"},{"type":"match","id":"8ce35162-6669-4c05-8a9b-a49d1b3e00b8"},{"type":"match","id":"b206c3a2-f867-4180-bfbd-18286d87428e"},{"type":"match","id":"074f8ddd-9205-475e-88c1-91355c49183f"},{"type":"match","id":"5f653f2b-4284-4df6-a77d-3546f8317df1"},{"type":"match","id":"c7e4cb4e-a55d-498e-a4e5-37b8423b3d1f"},{"type":"match","id":"9f58d329-bba7-41e3-83b1-ff4b681fd47e"},{"type":"match","id":"05e17a5c-666e-4cf6-9774-d76cea81c2bf"},{"type":"match","id":"5d3b8145-3957-4e65-9743-64d1dab76e9c"},{"type":"match","id":"1197ca02-cb75-4df7-ab7e-f9d538428425"},{"type":"match","id":"7ac7f670-68e5-4cb2-8114-82c884e63080"},{"type":"match","id":"68fb2231-c8ef-46f9-8427-1a6611a255f1"},{"type":"match","id":"8da6b329-ef2f-4a22-b234-39e94fdfbf2c"},{"type":"match","id":"c21eb065-f2e6-4868-9720-0d5834736259"},{"type":"match","id":"8d336b1d-5c9b-48a7-9e78-4a8a17e85d64"},{"type":"match","id":"d83f6493-8a6d-4e0f-9b0a-0b246e4273d0"},{"type":"match","id":"f361dcfd-9307-461a-89a2-8f4952173680"},{"type":"match","id":"0a68e8ea-988c-4f7e-8d85-cc466e1e8fd0"},{"type":"match","id":"fe391282-bf1c-46b6-8ff2-f1b01be54942"},{"type":"match","id":"54c14726-0f05-4797-93da-2a8f1adbfaf6"},{"type":"match","id":"4a5a9166-fbaa-48db-8fef-4a3e5dcab9bb"},{"type":"match","id":"cf2144fe-e250-412a-8b27-47457c2e8a15"},{"type":"match","id":"2c98af80-8956-4bd5-9b49-2431f0d427b7"},{"type":"match","id":"e32a2862-30cc-425e-aaba-ca23fb4d0ab4"},{"type":"match","id":"f5a7fec0-c961-437f-b30d-efff8112d8f1"},{"type":"match","id":"0dcfcd4c-d3c1-4eb9-809d-468ec15b2123"},{"type":"match","id":"13fb03e2-ce93-48e1-940b-2f7494d7a32f"},{"type":"match","id":"d1e5e88e-13cf-44a7-b664-167bac485d1e"},{"type":"match","id":"79a97fa3-f853-4e17-ac9e-067d9502ca03"},{"type":"match","id":"a833bcea-7954-4562-9896-81798253f3e9"},{"type":"match","id":"d9619ba9-c47f-4cb2-a279-02f782c4fb79"},{"type":"match","id":"3cde6509-782a-4fa4-b83f-7f2a37029936"},{"type":"match","id":"c0ab07f8-2332-47a8-95a7-b1b7654eb030"},{"type":"match","id":"de67f4f0-3d0d-4d1c-94c8-5fc12331f49f"},{"type":"match","id":"0d82cd9f-5c7e-4216-aa0b-5f71850c778e"},{"type":"match","id":"fd5f354b-2c05-403c-8e8f-24f756a88e4d"},{"type":"match","id":"10f62434-e6dc-4676-b60c-5809a7794ee9"},{"type":"match","id":"d635aa7a-f7bb-4877-b3f6-b19c3285fbc3"},{"type":"match","id":"a7acacfa-3cd7-4d4d-90fc-6e60f0efa64a"},{"type":"match","id":"3f16f211-b1a0-4d04-89ab-840791c9035b"},{"type":"match","id":"34b3fac0-cec2-4b49-9fe1-6d8148caba6b"},{"type":"match","id":"0951eb3d-bf65-4a46-9d01-c030bf982e3b"},{"type":"match","id":"38df1afc-3be3-43d5-b50b-05eb25a8839c"},{"type":"match","id":"43aa92ef-a748-4a0d-af07-9db003a72564"},{"type":"match","id":"b51c4c17-949f-4e61-a2f6-dc37d624ac3d"},{"type":"match","id":"5c4c3558-f2e4-451e-a4c7-a430a4ea0e59"},{"type":"match","id":"d8b8e6a0-a594-43fe-bfe4-98e6b8ff247b"},{"type":"match","id":"d20caee7-5853-40c4-aa17-fcf709313dc1"},{"type":"match","id":"aafcf06e-a862-4765-9540-a4be72b963a1"},{"type":"match","id":"bbdc843a-d646-4d49-95b3-af7846030f4d"},{"type":"match","id":"c5c93e0e-2ea1-46db-9701-9f01c1d5e3d6"},{"type":"match","id":"b5772e3e-c50d-47cf-a3c9-234c6fb4a176"},{"type":"match","id":"90b17142-0e6c-4112-8d5a-2ce65ff0a03b"},{"type":"match","id":"1d72bed5-e394-43da-9ac1-4a340476fac1"},{"type":"match","id":"e308b76b-5460-4d5c-a529-e7aa89373786"},{"type":"match","id":"d77193ab-ed94-4136-be08-ae5804682520"},{"type":"match","id":"bac697e9-df9f-4021-9ee7-c62e69603a9d"},{"type":"match","id":"62f2ce91-8d98-4c9c-bfb6-0299c78915a2"},{"type":"match","id":"72202da0-5892-4e20-983c-c46acaaba4a4"},{"type":"match","id":"4c8734d1-852e-4630-aa04-8647905558b8"},{"type":"match","id":"682b1373-c209-479d-95cb-55dec6295910"},{"type":"match","id":"54007d32-c558-455b-98c2-ef9afc2d9fe6"},{"type":"match","id":"2f1eb400-c059-43ca-a2ea-08a0c9175093"},{"type":"match","id":"6672e020-1bbd-4372-a9c6-737755a9ae60"},{"type":"match","id":"64c72767-bb0a-4c41-a392-b0113666d3a9"},{"type":"match","id":"368e2632-ecb2-4cb4-8e4f-2972fb483e93"},{"type":"match","id":"a53db9d0-9986-45ea-a7fb-500b5a435d46"},{"type":"match","id":"4482ce00-9223-4640-aa09-133c5fbf2b2f"},{"type":"match","id":"53eae580-de03-48a8-b385-fcadc93e0d18"},{"type":"match","id":"f6aa041f-778c-4667-b9a8-c4d9dc6fb655"},{"type":"match","id":"a2e5c553-a5c9-48f0-a1fa-311ff9352f85"},{"type":"match","id":"e2d64c6c-e578-42c9-b0e1-b9bcda82c4cc"},{"type":"match","id":"331c8197-4c11-4209-a2cf-87db11b15156"},{"type":"match","id":"36e8fe17-48df-4e54-96a2-e588145dffe2"},{"type":"match","id":"fdeed1c7-6eb6-4cb8-bb82-fcbe919b5990"},{"type":"match","id":"4ef03692-7710-4730-b0a5-498b036c8ad0"},{"type":"match","id":"c7e5abbc-4d59-4835-97b0-39059d3cf039"},{"type":"match","id":"197e22af-a841-4e18-817d-0710637ad085"},{"type":"match","id":"8201b637-4627-48ea-9380-9031d2a948bf"},{"type":"match","id":"4b06fd8c-1918-4844-bc2b-9722e6b92e75"},{"type":"match","id":"23c4ba13-903d-4690-8690-3211916d07e9"},{"type":"match","id":"9ab35593-c6a2-44db-903d-9fc33b6d8f72"},{"type":"match","id":"e9ddb1ad-f26e-4128-877d-cb71495a3ab6"},{"type":"match","id":"1d1a43ea-0a3a-45d6-80e7-9165f6252ed2"},{"type":"match","id":"92d23041-23d3-4fa2-9302-caec3fdb4954"},{"type":"match","id":"d4f7dda5-9855-4401-903c-fa6394e454a6"},{"type":"match","id":"6425d490-74dc-4a27-82ae-a6b633f94a75"},{"type":"match","id":"03b60cbd-20c7-4531-a215-5e25ae6aff1c"},{"type":"match","id":"99ed48d6-bb14-40ee-968a-3107c0dbcb61"},{"type":"match","id":"4b413baf-adea-446a-a12b-8e249292f5ba"},{"type":"match","id":"6c2453cf-61d4-4c5c-807f-eebcf41b55ea"},{"type":"match","id":"e42862c5-4d6c-440c-a287-acc1adedacc1"},{"type":"match","id":"0fcfd743-5a92-4bfb-a7dd-cf13e776f52a"},{"type":"match","id":"1a3f9a04-15c0-46ce-8d4a-ce24764c2942"},{"type":"match","id":"c9dcb33f-69cc-44de-85b4-5a7171f318f4"},{"type":"match","id":"fc8d1c53-3fd6-47a0-ab50-eb6f00d46ae9"},{"type":"match","id":"350c6807-bb48-43f7-8638-c0d53ebe4ffe"},{"type":"match","id":"333ffe15-2457-405e-b649-db42c5d4c3d9"},{"type":"match","id":"bd82e8fd-3fc8-463d-97ab-8c9aaebfe505"},{"type":"match","id":"ff940409-fd57-4927-aa07-3661b4e0afbf"},{"type":"match","id":"d2918d33-8404-46ce-aa12-d4370f19b7c7"},{"type":"match","id":"14facd84-8686-448f-a00a-871994404396"},{"type":"match","id":"ec52fbf7-f463-4834-b76d-89431dcbef64"},{"type":"match","id":"52573b9d-94cf-4c30-b64b-7849c3f54410"},{"type":"match","id":"ac33ee88-3b6d-4891-b6af-42d7494c65ef"},{"type":"match","id":"fe185d09-f810-4f53-b77d-2355198e7b56"},{"type":"match","id":"82e44964-e079-4991-bd2a-8f731075cffd"},{"type":"match","id":"ea1c6677-ccb8-4e8b-90c3-11fe7465f4bc"},{"type":"match","id":"d50f692b-2481-48e4-9c27-2bf0e934cb36"},{"type":"match","id":"75bc6a41-5323-4f3f-a4e8-774130ee9aee"},{"type":"match","id":"cc57cb17-e2b7-4935-bca3-fddd1b066a75"},{"type":"match","id":"fb11d906-2f90-4907-8c0c-17f3f7df6ac7"},{"type":"match","id":"0918bb69-2683-4f3b-bd61-ed55774793db"},{"type":"match","id":"37f06cc3-56dd-421a-96ec-0984511fe0dc"},{"type":"match","id":"a5702e8d-9ba4-43bf-9775-7dc89920fe0d"},{"type":"match","id":"028e26ae-7bfb-4662-a491-f8ca7e5893b5"},{"type":"match","id":"ed08e7b9-5129-404d-b92d-178336534b7f"},{"type":"match","id":"467a6ea2-ffd3-4a09-badc-c730b6a0d0e3"},{"type":"match","id":"8d2f6fe9-ca5e-4c32-8e0b-5d63c1601a22"},{"type":"match","id":"09e39fac-3a60-4c9d-8ce3-eb40e4535233"},{"type":"match","id":"51ccbb26-6266-426a-aeec-05e2d98aa0af"},{"type":"match","id":"52e74807-fcee-4708-8c73-8c1c63326bf3"},{"type":"match","id":"035cfee9-78cc-41d2-8cd6-d555b890cc00"},{"type":"match","id":"2a66cdd0-8fd0-44d3-a678-2f8b3667b9fc"},{"type":"match","id":"edad5007-e838-410d-a844-e424352aa08d"},{"type":"match","id":"3f07dcee-371f-46ae-a85d-4ad9495fe027"},{"type":"match","id":"b72a7ce8-47d5-4895-93f5-b16b8b552b6c"},{"type":"match","id":"42fae902-39ec-4df4-8b1e-9b76eaa077bb"},{"type":"match","id":"18a0bf91-0b24-46bd-8df9-e021a196ea45"}]