[{"type":"match","id":"10c18917-5fb3-49b8-b5a2-6d38b8d1b611"},{"type":"match","id":"0bb09198-fcf4-4cc3-ba76-0bf0588e2650"},{"type":"match","id":"afb4ce80-9c54-4cd7-ad32-158351fad3bc"},{"type":"match","id":"3193b6d7-8322-43e4-b8dc-42ffbcbdd2e7"},{"type":"match","id":"28583dcd-c968-4b75-b4bf-3f32f21e6970"},{"type":"match","id":"53433902-4a46-4648-920f-dbbdd80dbcc5"},{"type":"match","id":"1234e739-7518-45f6-a635-cc33c4c4f3af"},{"type":"match","id":"d6dfa985-3d3d-4405-a407-d620380904f5"},{"type":"match","id":"f7ec2ebd-da16-4a42-96c7-eb449ae4d434"},{"type":"match","id":"8151d7d5-0b21-48f8-b856-b7f87fca6c63"},{"type":"match","id":"09190ac0-5953-4e2d-8432-9f3fe0fed3d4"},{"type":"match","id":"7b0f8322-e013-4724-92a0-8e18883f922c"},{"type":"match","id":"f38c2fa0-4c93-46fb-ab3d-2ad073822bad"},{"type":"match","id":"9a796f6d-267a-4afd-9fc4-72621d48cb1f"},{"type":"match","id":"3173225a-8f9e-47b8-aa19-3d5e07e1abc5"},{"type":"match","id":"9bc81f33-ee2f-4581-a162-8b59676a2b83"},{"type":"match","id":"8e6ae36d-4459-4249-825f-559a7a5c0bdf"},{"type":"match","id":"2a870b47-3db2-4fa5-a73c-8584e969d828"},{"type":"match","id":"224f640d-17f9-4a85-b308-44aeb4cead7e"},{"type":"match","id":"1549c4e1-fb8a-4bd7-8932-b2a23c494c2e"},{"type":"match","id":"c434aec3-75ae-422a-aef0-6964c2192e39"},{"type":"match","id":"f4207ac2-43df-4243-825f-25e595d0d02b"},{"type":"match","id":"6874d4d7-01a2-40be-8b59-6be548be8ebb"},{"type":"match","id":"daea45f7-246b-4133-9f3b-228895a26a98"},{"type":"match","id":"40466245-bce1-416b-a25e-370d33f297e4"},{"type":"match","id":"0ce37769-5418-49da-b350-669e86698421"},{"type":"match","id":"8ce54bce-6954-4ccf-89e6-0dda8ae61386"},{"type":"match","id":"372e24ee-7b89-4489-b946-05458f88124f"},{"type":"match","id":"55a6b03e-3396-4f30-8f07-6bfcd42a49a6"},{"type":"match","id":"07c93366-4f99-45d1-94b2-349be8bd6085"},{"type":"match","id":"d2dc10cf-7ca2-4812-9999-00ddb73ce522"},{"type":"match","id":"2df6df5b-3357-4550-86bb-448a21d97c9b"},{"type":"match","id":"856b53cc-d515-44d4-a369-2b309762b9f6"},{"type":"match","id":"fb0cda91-8177-4cd9-9542-9ce18c85f01d"},{"type":"match","id":"ad77a8bf-7dbf-41b9-9d5c-fd1466081a71"},{"type":"match","id":"e042444e-6277-44bd-a7d1-e523299fd1da"},{"type":"match","id":"d54d2860-344d-4fad-845d-18339453c760"},{"type":"match","id":"74d915fa-12b7-4cfa-86db-e7b34312a766"},{"type":"match","id":"cb07afd9-3bd1-4098-8c30-fab4b7f648f7"},{"type":"match","id":"716551ec-1e39-4f7a-8432-31b78b8b3b60"},{"type":"match","id":"90ee40af-f6b4-42ca-8282-62c33e64e44d"},{"type":"match","id":"52f53021-5e49-4c2e-99b8-c0a6f770e761"},{"type":"match","id":"67592898-54d6-4652-a36e-ffd908a2b3f9"},{"type":"match","id":"779c38b3-6b57-4060-8bb1-973412bf8d92"},{"type":"match","id":"78f60391-6e88-4e97-bb90-e65f17bc5737"},{"type":"match","id":"4a6d14fd-e6c2-4596-9b44-f29538590607"},{"type":"match","id":"d3e64cce-1dde-4cdd-bd43-42530e6a1ddc"},{"type":"match","id":"030f15a0-9e20-4f1e-bbb1-b202ba4c03c0"},{"type":"match","id":"c0a0bc01-f8c6-45c2-82da-77a406257fb7"},{"type":"match","id":"1c99f38b-bb59-46ce-8757-44f0b9955af0"},{"type":"match","id":"7d09a569-0ddb-4bb3-be0d-a0da19a9b643"},{"type":"match","id":"3222b9cf-9143-4bbe-b37c-22518b30b6e1"},{"type":"match","id":"b9529d9d-4f36-42f5-84e3-9a4c98633f24"},{"type":"match","id":"d7414434-3767-45bf-9b1c-37f88643f364"},{"type":"match","id":"b255a92d-b3a0-41fd-bd45-c72e80488a08"},{"type":"match","id":"d2a92a9a-eaa1-4b40-9d3b-8d40fd11ec20"},{"type":"match","id":"16be3a4d-57d2-408a-a747-7372282fdd53"},{"type":"match","id":"d748c120-53a7-44c6-bf4c-86127645cd8d"},{"type":"match","id":"bd48fc45-1272-4451-8c49-49208448dc16"},{"type":"match","id":"13f44ecc-ee80-489c-96b0-996ff0b20017"},{"type":"match","id":"001a35b3-bbac-424d-ad73-d8e54b24d141"},{"type":"match","id":"26e7aabe-fd18-458e-9d2f-d0b5896c7440"},{"type":"match","id":"fec7c4c8-bd93-4104-8dd8-45450133ba10"},{"type":"match","id":"f4808ce6-74ca-4411-8c21-d2617408eb3c"},{"type":"match","id":"b7b779c6-96a4-43c8-a01a-39e0cdcff2b4"},{"type":"match","id":"8d0a32b0-b512-4504-a6d3-a482fcf38b61"},{"type":"match","id":"57f5ffe7-9b17-4f19-b221-0f91edb54db1"},{"type":"match","id":"af104b4f-0047-4e63-89ab-1edb35247de0"},{"type":"match","id":"7bfed235-1cce-4e03-bf14-cb8078b22d83"},{"type":"match","id":"baad51b6-520b-41bc-a1dc-9111cefc2eb2"},{"type":"match","id":"364e0de6-e842-4d16-b491-22ddf51706ab"},{"type":"match","id":"2376e7e5-fb8e-4868-aac3-2f34fb883cc0"},{"type":"match","id":"a4f47811-04a3-4235-bec1-df2f3d9dad1b"},{"type":"match","id":"357b8a65-8c37-44cf-9a37-ea7278f5a873"},{"type":"match","id":"de487f10-cc27-4201-ab04-16b48be67c4f"},{"type":"match","id":"98c7f1f2-6798-40a9-b80f-280bdaab2a85"},{"type":"match","id":"1fa3eeb0-f344-40b8-92cb-272b335c2111"},{"type":"match","id":"a9e69f02-5647-4a3c-ac6f-cda2563cedc4"},{"type":"match","id":"0ae7de00-ca22-49d3-a974-34972fe2ed24"},{"type":"match","id":"6c85987c-0cea-4fb4-84a8-845d5c792357"},{"type":"match","id":"934c68ff-9342-4569-b28b-cc8d745ddc6c"},{"type":"match","id":"02bf603a-b072-4256-86cb-70324d246fc5"},{"type":"match","id":"1c4047d9-db6c-4959-93e5-b812d32d5d4d"},{"type":"match","id":"722bb590-cc25-4e56-aa21-57fed4a3b15a"},{"type":"match","id":"1ba45c3e-d816-437f-9a78-e8534147dc8e"},{"type":"match","id":"c70156e4-b41b-431e-a07f-194e7ef66792"},{"type":"match","id":"af89a201-3df0-4a94-b774-86ee9b23d2f4"},{"type":"match","id":"a2630693-49eb-40a1-b7a9-43dc909faf3a"},{"type":"match","id":"90a7c4c3-c8ae-4550-b152-79fd203d19f1"},{"type":"match","id":"4998d07a-f83f-4dfe-99f6-367c1d9e8345"},{"type":"match","id":"8d91bd9e-c838-41fa-a3c3-f046304414d4"},{"type":"match","id":"4f467f1e-b8d6-4edf-8a7b-cc7816cd1bbc"},{"type":"match","id":"6a5b3852-af73-4715-8757-a59db6d8f5e1"},{"type":"match","id":"565f4fb5-2740-4818-b9f7-ba63f55979a5"},{"type":"match","id":"8fc9e665-b584-4c32-963e-8995131f4b1f"},{"type":"match","id":"431370de-6216-42f1-a480-deb1ff10e4f1"},{"type":"match","id":"0ad77082-818b-4166-8481-fc95a1908983"},{"type":"match","id":"e8d356ff-6a42-4b41-90ad-2ea4b1438458"},{"type":"match","id":"8ba89985-c921-46cc-9f73-2ca3c3bde478"},{"type":"match","id":"fc870634-19e2-40c5-a9b6-e8c03ebaf971"},{"type":"match","id":"251e6394-37cf-4359-b519-17c9fde56540"},{"type":"match","id":"9f61cbf2-2d38-4476-90c9-40a457ef4a3c"},{"type":"match","id":"9d84c295-8606-4da3-b7c4-6425bf3b4d0f"},{"type":"match","id":"d678125e-6038-4f43-a6ef-1b90dc392a9a"},{"type":"match","id":"47ba88f8-f728-41cf-9ac2-d13d6cc30340"},{"type":"match","id":"41be50de-230b-4687-b98f-ac62e44f49eb"},{"type":"match","id":"1be83233-be94-4f08-869b-e57bb491a9d0"},{"type":"match","id":"22bed328-ac02-40ce-9489-0a2000425e8a"},{"type":"match","id":"662367f5-6dd3-4c04-94ef-3076af4024c3"},{"type":"match","id":"84cf54f3-5065-4e67-9454-c5aabd834df7"},{"type":"match","id":"30e34df5-acc4-4773-aadf-4380d2f5cf8d"},{"type":"match","id":"a3390a9e-e710-4b47-8436-a6b5d0c89444"},{"type":"match","id":"cef8813b-1b9e-4fa1-8e4f-72c1040e34fe"},{"type":"match","id":"4300f08f-3125-4b4e-ac59-0f729da753fa"},{"type":"match","id":"0aebad1f-c36b-4e3c-b60c-03bf58143f73"},{"type":"match","id":"8d90178b-1024-4b7d-8510-af7180efa3a3"},{"type":"match","id":"68aa73b5-041b-4a83-937e-0b1eb6425bc8"},{"type":"match","id":"8d569f16-5f3c-45c1-b257-b046674f227c"},{"type":"match","id":"ccb715ef-7dc2-4d3a-9a0e-cea0a88266e6"},{"type":"match","id":"f3d19781-2fee-44ca-97ba-b03524b06ede"},{"type":"match","id":"0685f9a3-c1a5-47ce-a1f3-d96f88f27908"},{"type":"match","id":"fffcdab9-7466-43a5-b85b-932d268d8793"},{"type":"match","id":"75b1ebcd-3bbe-4f74-8bf3-a4efbb727515"},{"type":"match","id":"1833f456-6506-4fca-8ba4-bc8447ad756f"},{"type":"match","id":"ee718762-4ba3-4baa-a5b5-4d612b64ccb7"},{"type":"match","id":"0886e79b-3399-4ee6-b316-e8bf9f57f3dc"},{"type":"match","id":"2af2f894-baac-4878-9405-394a7409e88c"},{"type":"match","id":"8dcea49c-117d-400f-87d5-8b982f9f6e23"},{"type":"match","id":"b1f7cbd4-7e97-4457-ae09-c32145b2cf53"},{"type":"match","id":"6f26d553-f6a0-483e-9459-dd2f1ea931a4"},{"type":"match","id":"b3e20276-167c-4568-9417-d0c3e0b6346d"},{"type":"match","id":"a2dc8fd2-e30a-4be8-af58-6dd5f6ca603c"},{"type":"match","id":"c9dac805-419d-4481-a5ca-0274cdc51c10"},{"type":"match","id":"cdfc0574-964e-4fbf-adba-9f16de93bd8f"},{"type":"match","id":"ed639c2d-a372-42c2-96fa-0afdbbda66a5"},{"type":"match","id":"26b8a9a0-ee6c-4572-91d0-7bdc6dd6461a"},{"type":"match","id":"1c2b7b59-5ad4-4bc9-9361-96bec536e1b6"},{"type":"match","id":"4310256c-de34-4d67-9c88-1877de10a2d6"},{"type":"match","id":"645c0089-6bab-4f04-bf11-f26b929c07d6"},{"type":"match","id":"08c9d58d-1283-48d3-b98b-f75c5a38fdd0"},{"type":"match","id":"174eb618-9563-4d74-80e9-2c0c6b6390ba"},{"type":"match","id":"2283d536-a55b-4fe7-bf48-9b120cbe24c5"},{"type":"match","id":"144bc143-b3f8-4641-ba96-f75782db0f1a"},{"type":"match","id":"c8e87364-8c55-4f30-af33-de7143aa7f3d"},{"type":"match","id":"afdccba2-8bcf-4edb-914e-686c3d517bbd"},{"type":"match","id":"d321462e-cbad-4414-8d6f-c7949beafde4"},{"type":"match","id":"092f7c69-9c39-43ee-9077-e0cd5b2060cc"},{"type":"match","id":"fa2d9360-a323-430f-a597-d4ac3df8cf8c"},{"type":"match","id":"ba6bdcb5-ecc9-49b2-8df7-38be9f4426a0"},{"type":"match","id":"551a1f0b-4403-42ee-ba3a-17f439243b4a"},{"type":"match","id":"162e9f68-01de-4b53-8902-e9ce18922072"},{"type":"match","id":"a1b39039-a0f8-48dd-be51-f58fb07ca4b3"},{"type":"match","id":"e15922b9-118e-4b30-bb0c-28e116a5c5b5"},{"type":"match","id":"add54acb-8a39-4ed8-a09e-ed5aea3a1eb8"},{"type":"match","id":"603c6ff4-486b-4870-934b-89234b129276"},{"type":"match","id":"25b2a619-edb7-47b2-8a70-56c981c3216e"},{"type":"match","id":"f1531256-7d84-426c-a224-22ca17191102"},{"type":"match","id":"f4ae448b-39e0-44f5-8d77-b4012342b084"},{"type":"match","id":"d98d552d-78f7-47ec-80fb-dd818da2d1a1"},{"type":"match","id":"d3f532e1-fd19-47ae-abfc-b9b40c3e4d3e"},{"type":"match","id":"fc0c4350-6f96-4845-afc6-a1d3ecec4dcb"},{"type":"match","id":"24623417-a3ef-4bd3-a06e-6539b8da6ca3"},{"type":"match","id":"da69a704-e67c-4b6b-a218-16946f34a830"},{"type":"match","id":"c16c77ca-ff13-4a04-a12a-a4feff6a449b"},{"type":"match","id":"fc4193d0-eb64-4e5e-86f8-af45c7549de6"},{"type":"match","id":"6f398569-df19-49c7-bbce-51c8af812ffa"},{"type":"match","id":"835128ba-665d-43a1-9482-5790a101ba1f"},{"type":"match","id":"2608f2e0-ca0e-458a-a3b0-1494820ec475"},{"type":"match","id":"8ed68d41-8b1a-4a5f-95d1-b8a21b4fa67d"},{"type":"match","id":"c2a4e200-c96c-4fdf-9326-685f511f8ad4"},{"type":"match","id":"83346eab-3f2f-49c7-a09d-7e1d3dc70077"},{"type":"match","id":"275b16ea-56ed-4b80-8a82-0e8a04567092"},{"type":"match","id":"e8639c6e-8645-4820-be67-75424a50cce3"},{"type":"match","id":"1bdfaecc-6c50-4a1d-8e4b-e7733f958895"},{"type":"match","id":"9c747a7a-b531-485d-bd92-6e317c907645"},{"type":"match","id":"f16e5e59-1188-4a76-a4c1-0ce429b59791"},{"type":"match","id":"bfd19aa9-ea6a-4020-9edf-cd4355b68635"},{"type":"match","id":"99dd84e0-2d4c-422e-a9ee-c1da0534a760"},{"type":"match","id":"279805e7-0460-4936-984d-38369b98e794"},{"type":"match","id":"ed872985-e483-4a90-bc1e-e89ff9757ff2"},{"type":"match","id":"250a0fe5-d348-4751-8846-35db14ae8cd4"},{"type":"match","id":"60436cb7-7612-4a02-b77c-a1f38039cd75"},{"type":"match","id":"f07089b6-4083-4872-aecd-0240f934ceac"},{"type":"match","id":"a521b904-8377-40bc-86bb-677aafde2e1e"},{"type":"match","id":"eee50d0b-0f11-4a89-82a5-76d8bc2bdf04"},{"type":"match","id":"fe97fb19-5b2d-402f-8666-d6e8d3a09d33"},{"type":"match","id":"97e07190-fb08-4033-8c9e-b6400e65f805"},{"type":"match","id":"7bc951dd-1f95-4827-9879-4b91d3bc274e"},{"type":"match","id":"17a14e31-ae68-4266-9e89-7e8e4cb7c1b5"},{"type":"match","id":"9d86ea01-a92c-47ba-ba79-cbbeb9e3f617"},{"type":"match","id":"73b58229-a7cd-4654-b32d-adc286de00a7"},{"type":"match","id":"6b4880bd-993f-45d9-9587-68896ef0e78c"},{"type":"match","id":"01f6267a-897c-456b-abd8-af9624f9a096"},{"type":"match","id":"91b7ae6b-4949-4063-93bc-d328aa319b91"},{"type":"match","id":"1b2c3b3e-8415-432d-b959-c3f083cd7917"},{"type":"match","id":"a1f969b0-5b96-45f0-ab82-702bde8d63a0"},{"type":"match","id":"3bf23d67-068a-462f-af44-5d940c606482"},{"type":"match","id":"ca89c75f-b435-4730-949d-60d2f8ee230c"},{"type":"match","id":"7fc1891c-8434-48ef-9b9c-3fc9547f5f35"},{"type":"match","id":"f6e2ff48-428e-48fd-9ce9-66e5bc574d02"},{"type":"match","id":"2c3e1da1-967b-487a-99a7-c3972a493e33"},{"type":"match","id":"b5e8c82f-8101-4bc4-a95f-d3c9bc472bf9"},{"type":"match","id":"93466ac7-affe-457b-bba8-277c2615a069"},{"type":"match","id":"5057150e-e9a0-4c8c-9e9a-a1c52f38bdaf"},{"type":"match","id":"6150bad0-c452-4a3b-bf24-156749fcaeee"},{"type":"match","id":"11509fe2-a861-46a2-a581-456bd401b356"},{"type":"match","id":"055ea259-9abb-451d-9ef2-758716db2aa5"},{"type":"match","id":"f6a25331-95cd-49d5-bc52-e31d0ff1b2e1"},{"type":"match","id":"e02f2b28-763c-4ceb-8f63-6ceff0c65a81"},{"type":"match","id":"01742d60-16c9-4980-af89-3b1787cb5a42"},{"type":"match","id":"444f0eb1-185e-4237-8dc4-26f40d2a5ebb"},{"type":"match","id":"3d0aa3c8-56f5-4082-8865-9397a847344c"},{"type":"match","id":"d5bc9140-43af-48d4-8678-9309d2a57e7d"},{"type":"match","id":"4d2690a3-98ce-498f-af15-00040a700794"},{"type":"match","id":"a92d6181-f055-4eff-9aa7-84cefc0515d1"},{"type":"match","id":"74f6bd94-8bcd-49ac-a07a-df8b9af09163"},{"type":"match","id":"497099df-6410-40a2-abea-a50066b4be16"},{"type":"match","id":"e2692b77-14dc-4c2d-ad86-2d12454e8d75"},{"type":"match","id":"9e41dd4c-7acb-46b8-9e39-241a68078e8a"},{"type":"match","id":"36c64865-57ef-476e-88d2-5cd61250beec"},{"type":"match","id":"0951989a-6bd2-4f39-9281-a40e866bdf02"},{"type":"match","id":"ca25e60f-3d58-4da2-818d-e8b365bf368d"},{"type":"match","id":"46dceae9-f3b1-4c1d-8faf-4b71d3bbc31d"},{"type":"match","id":"39270855-d60e-41da-b355-374c770cdf1a"},{"type":"match","id":"a54ba765-68ad-47e3-b0a3-49476d816e3e"},{"type":"match","id":"fa694b69-c884-42d5-a31f-6c431287fa60"},{"type":"match","id":"e908ab40-cdc9-448e-af11-86bb5b0050d9"},{"type":"match","id":"6d87d438-63dc-44f2-bc07-b0246f73ad6a"},{"type":"match","id":"175e04a8-c775-4a73-80b9-4aa1666ae338"},{"type":"match","id":"0ffb0099-d4de-442b-95f2-4b9ded9aab93"},{"type":"match","id":"77143c23-2792-405c-8371-c69a719a4b9b"},{"type":"match","id":"1acbf0ee-7607-466d-9c4f-f1a360624b20"},{"type":"match","id":"cb062e6a-c7a0-491f-9224-a61ac8910412"},{"type":"match","id":"810ab283-2043-4008-8cf2-aff4a424655d"},{"type":"match","id":"1cf7ed95-cab0-43c8-afdb-679e0d6c9f0c"},{"type":"match","id":"62af3782-6b1e-491e-9181-92f0c31b6c4c"},{"type":"match","id":"ab9c9bb1-3e00-4fa8-8d2f-45e14326790c"},{"type":"match","id":"a2e05a6e-ba11-4500-9a85-5568d6348f8d"},{"type":"match","id":"39613d41-b738-4bdd-9a27-f39903f48051"},{"type":"match","id":"2451471c-b18d-450f-91ee-772c22fe7d80"},{"type":"match","id":"dab38e52-f454-4327-9c0f-44ceac233b2d"},{"type":"match","id":"2a49faa0-3bdc-4231-b51b-6081e6762a2a"},{"type":"match","id":"979c65ce-2e0a-4ef8-8071-c04e22ccb76c"},{"type":"match","id":"ebe7a92c-d4cc-429b-ae20-358eb66b2943"},{"type":"match","id":"d7c997e3-d021-483b-9b39-4471470891b1"},{"type":"match","id":"c0076d75-a641-4e0f-899c-3311a4d65414"},{"type":"match","id":"abf3c5d0-2ca5-459a-a2f9-a194bdfc695b"},{"type":"match","id":"a4596db2-69a9-40ff-ae82-b1e2b7925b14"},{"type":"match","id":"fe3f02f9-b88d-495d-8295-1cb90712a858"},{"type":"match","id":"c3ca1cce-49b9-40e1-854b-7c624f68b7e8"},{"type":"match","id":"5ea6b506-7e30-4e0f-83d3-8e06c9de362b"},{"type":"match","id":"afe04da4-cf56-4394-b800-520ce696c361"},{"type":"match","id":"05bbe777-9939-4a1e-9efc-20545185aee4"},{"type":"match","id":"37e92436-74d5-4de0-8e12-e1cff6e7e353"},{"type":"match","id":"4e8cdefd-2214-4aaa-a346-93df5b7876d4"},{"type":"match","id":"1022448b-349d-491d-ac9b-ad5dc429dcdb"},{"type":"match","id":"e5208d88-1338-429c-8d81-036401a85b3b"},{"type":"match","id":"d56f573a-b2a9-4a56-b98c-837ac2c0a281"},{"type":"match","id":"c08369f9-3c01-41c3-8340-4cc8f211d58c"},{"type":"match","id":"dc3510ee-9272-464a-8428-531a773d4d35"},{"type":"match","id":"ce4359e5-8641-4e54-a892-88150acbc543"},{"type":"match","id":"5e010fa4-5635-4d56-b101-b3daaf767a52"},{"type":"match","id":"e3d54a3b-14b6-4dd2-83ba-66470a354b9d"},{"type":"match","id":"fd950637-1c5a-4995-809f-b073add71d05"},{"type":"match","id":"2540eaec-7032-405c-b108-f46c424b081a"},{"type":"match","id":"0aae69e3-0deb-40a7-b12e-0ff4d6c82301"},{"type":"match","id":"5fdc94c1-33d4-4b48-bbfc-73e1ec4b2286"},{"type":"match","id":"dc2a1fb8-6813-418f-9f3c-645114da2743"},{"type":"match","id":"cef16d89-f636-42dc-a8a0-efbe8514088b"},{"type":"match","id":"0500f9f1-4bb0-43e8-a992-59bfe697dc3d"},{"type":"match","id":"edcf3444-df59-45cb-82ca-231112f62a20"},{"type":"match","id":"5becebf2-4875-4b66-a0e3-01bb1e993638"},{"type":"match","id":"120dd46a-ee08-469b-9808-26515817a934"},{"type":"match","id":"2d91e125-6a62-4e38-8a14-87bc93bf6e30"},{"type":"match","id":"e52b3ea3-55b8-4b4b-9388-f800bcf5795d"},{"type":"match","id":"091161ea-4faf-4a39-bae8-b1b98f15a8db"},{"type":"match","id":"710f9f7f-2cc4-481e-bd42-b4c4f92528ac"},{"type":"match","id":"4c46f27e-18b9-4542-86e0-9f31319b9d3f"},{"type":"match","id":"4a75138d-4c55-486c-bfc5-73e2027ee0cd"},{"type":"match","id":"cd20eb4b-b7c1-4fcf-b283-ebc60d236547"},{"type":"match","id":"714e3fd8-95f7-46ba-9ef6-f5838aa17bc1"},{"type":"match","id":"9fa7ab72-7683-4f1e-ba82-b99f4dd669da"},{"type":"match","id":"4246f6a2-d5f5-4e09-8709-7af36bbf303e"},{"type":"match","id":"f1054c33-daf0-4f71-bb50-e0f1e333751d"},{"type":"match","id":"b047a962-4987-4ffa-a060-d91519c0cea5"},{"type":"match","id":"bb90cf86-395d-4911-a208-2bf5fbb1d88f"},{"type":"match","id":"a792acf2-0a68-4c03-8ad9-24a83c8f6ff8"},{"type":"match","id":"13ffcfe0-cfbf-437e-9cff-bf5d221041c4"},{"type":"match","id":"604047fe-fc06-4294-abc2-b9fd92120321"},{"type":"match","id":"53a3d3f8-d845-4d47-992d-04e967c7f204"},{"type":"match","id":"1ec921b6-fa6a-4e80-b378-3f47e6c50918"},{"type":"match","id":"212187f7-326c-41f3-a6c3-ada9c5a7e773"},{"type":"match","id":"080abe63-ad77-4c08-8313-400eac877de3"},{"type":"match","id":"ad4960aa-be2f-4949-b206-b668f932935a"},{"type":"match","id":"d2a18549-e421-46f5-9ff3-78f56f47984f"},{"type":"match","id":"4a82243f-e7b7-47a5-b7ac-99ac2a873a08"},{"type":"match","id":"31e4bd34-c3c6-4e8d-b6ff-7591c9bfaf58"},{"type":"match","id":"c3864d71-f8c5-4147-92df-cb9677703d54"},{"type":"match","id":"686b76f2-1c3b-4ba8-aeac-504bc55c384e"},{"type":"match","id":"7bc56356-49e9-407d-a1af-dfa456eac015"},{"type":"match","id":"d2cd4461-b9a1-4de4-80b0-0293f51c4f63"},{"type":"match","id":"08ae9eef-a08d-4b08-b2fc-b15be3dfd3d1"},{"type":"match","id":"15744d93-103d-4ace-b707-6c383c2bd219"},{"type":"match","id":"2cda667f-7909-470b-acfd-3b58f5c87904"},{"type":"match","id":"f63cf6a6-2e28-454d-8454-a8c24f80496e"},{"type":"match","id":"a552d985-3988-4b2b-9320-d1b8b8a8aab4"},{"type":"match","id":"59bb9f1b-cc63-414c-8d51-c731d156ee7f"},{"type":"match","id":"4986ef03-c170-4fc6-8aa8-353c80f1a62b"},{"type":"match","id":"4eba0660-ad43-492f-84d9-3ba0df93a9ea"},{"type":"match","id":"11d05f50-fcca-482e-ba86-fc84f012b05a"},{"type":"match","id":"eab02917-f70d-4b29-986c-becf4caa1efb"},{"type":"match","id":"746b56e5-ed43-4ac3-8a0d-a3d95814acc6"},{"type":"match","id":"12862a57-bc15-45b6-bd2f-e0a69204e816"},{"type":"match","id":"b2792605-ddd9-4df7-865b-9d5c7511ca3c"},{"type":"match","id":"fdc40bf4-0547-4091-8a41-30955cbaf87f"},{"type":"match","id":"c458eb63-6c9f-4d85-bf9a-1611940abb57"},{"type":"match","id":"b5ad2a57-6647-405b-b6c7-d9fe4c620f30"},{"type":"match","id":"f7cbc6ad-456e-4f94-9138-57d2d617599c"},{"type":"match","id":"26cb6499-6e49-4d8e-810a-501661b4c6b7"},{"type":"match","id":"6a15ff55-b73f-45b0-80c6-003b44ba951b"},{"type":"match","id":"74759107-b2e2-452b-9268-50200596d21b"},{"type":"match","id":"fd540d16-1940-4110-b4ef-5b526307c4d4"},{"type":"match","id":"1e4aab7a-5b48-4ab7-aeed-8557c2fcd5e6"},{"type":"match","id":"9c2a2420-da28-4216-a09e-56f7fb0540b1"},{"type":"match","id":"bebf05b1-73ea-443f-9522-29bf97629f01"},{"type":"match","id":"3cde1374-4d6a-4e39-856b-ed740dc4c729"},{"type":"match","id":"dce56d85-67b4-43b3-8605-6ad19ea28841"},{"type":"match","id":"bdc721c8-a9f2-4091-a92b-9a2d737f54cc"},{"type":"match","id":"f499dc4c-2f8c-4ce3-8ae8-d601b58e6c85"},{"type":"match","id":"b2b73f02-610c-474c-b7ac-03b0dc5e14d4"},{"type":"match","id":"f6ea5128-7e8b-4575-a462-e79e42b233c6"},{"type":"match","id":"054ae44c-7a26-4543-ab4f-68aca7277d67"},{"type":"match","id":"ffe9259e-ec28-4c67-9f19-a8dd6436c547"},{"type":"match","id":"338a3394-3ca7-4b55-a988-d14ef8f87ca0"},{"type":"match","id":"45bc7db6-799f-49dd-8288-4072de23d8ab"},{"type":"match","id":"3c7100bf-2772-41e1-a344-2563f5efd596"},{"type":"match","id":"c95fc73b-f403-4219-97e5-807a58b41b1c"},{"type":"match","id":"25a9c605-43da-45c2-9869-57b10cafdd72"},{"type":"match","id":"8c7c100b-55b6-4099-9c4c-4659f9189e4f"},{"type":"match","id":"28aa10a5-02e3-4b7e-8a6c-9bea69e2e33a"},{"type":"match","id":"4d2b9c33-f4fc-454b-8c22-2ace8f665811"},{"type":"match","id":"79cb9c56-6116-40e9-af24-37c8e78ea1de"},{"type":"match","id":"5ba9a3bc-b9ea-4450-beff-e3c0cfd0f97e"},{"type":"match","id":"9a4c8138-b59b-4531-afbf-8df3e58bd8fd"},{"type":"match","id":"61ff1762-94b1-4e25-a2d2-0e06e70804f5"},{"type":"match","id":"483adb66-af80-4390-9003-bbb33af7a16f"}]